PropertyID,Locality,Latitude,Longitude,Price,Area,Bedrooms,Bathrooms,PropertyAge,Parking,PropertyType,Cluster,PCA1,PCA2
1,Perungudi,12.965534,80.249544,15046004,1676,1,1,7,Yes,Apartment,2,-2.0024583383401233,-0.9763956534146472
2,Anna Nagar,13.085107,80.200631,9851480,680,5,4,0,Yes,Apartment,1,1.9511188689261854,-2.0650885882656485
3,Tambaram,12.928863,80.096805,16460980,1452,5,4,14,No,Apartment,1,1.766627417684059,-0.8530944074761923
4,Velachery,12.98605,80.223275,13468808,968,2,2,2,No,Apartment,2,-0.8053587879252087,-1.705246626124191
5,Guindy,13.006264,80.223073,44556824,2746,1,2,3,No,Apartment,0,-1.487217072597753,1.8016064997986332
6,Anna Salai,13.067506,80.25693,8428038,834,3,3,1,Yes,Villa,1,0.3264049417169102,-2.0796105327336085
7,T Nagar,13.03599,80.22904,41921460,3153,3,4,11,Yes,Villa,3,0.6317158444809153,2.1970662899976663
8,Anna Salai,13.057989,80.25939,40386301,2737,1,1,23,Yes,Apartment,0,-2.257145605629202,1.641693353244294
9,Perungudi,12.968101,80.239723,16631950,1878,5,4,24,Yes,Apartment,1,1.651116174525192,-0.3770226529858116
10,Anna Nagar,13.084177,80.205398,25895440,1420,2,2,20,No,Villa,2,-1.0154723559318588,-0.4147888294065057
11,Tambaram,12.934847,80.092767,33685792,2944,5,4,13,No,Villa,3,1.6493752877952519,1.5622306437992983
12,Chromepet,12.953528,80.143895,14402084,999,1,1,4,Yes,Independent House,2,-1.9319042113375735,-1.6661834355654042
13,Sholinganallur,12.906018,80.233272,46484352,2816,4,4,0,Yes,Independent House,3,1.2452488951875578,2.100716426943434
14,Porur,13.047638,80.161739,26863950,2330,1,1,5,No,Apartment,0,-2.047882162736084,0.32743872845728267
15,Medavakkam,12.92815,80.193388,42070042,3167,1,1,16,Yes,Apartment,0,-2.2257495885048804,2.0947014099497827
16,Guindy,13.018982,80.228074,29022496,3003,5,4,10,No,Apartment,3,1.6806158591231606,1.3168149986919488
17,Pallikaranai,12.94332,80.22326,13275094,787,3,3,7,Yes,Apartment,1,0.26761023016846774,-1.7912664447418547
18,Medavakkam,12.930349,80.191063,40049920,2496,2,2,17,Yes,Villa,0,-1.0831011603859195,1.415216880310964
19,Tambaram,12.92393,80.094958,30764654,1826,5,4,12,No,Villa,3,1.7344113503670444,0.33904659121588826
20,Anna Nagar,13.075144,80.214257,32889072,2959,3,2,17,Yes,Independent House,0,-0.595868029751742,1.4368926881884325
21,Adyar,13.00227,80.257208,8389522,678,2,1,10,Yes,Independent House,2,-1.4499817629889942,-2.264266665785635
22,Medavakkam,12.914787,80.19578,16633855,1545,2,3,25,No,Villa,2,-0.4488261216933845,-0.7794851889406634
23,Porur,13.047883,80.148468,45592172,2462,4,4,23,Yes,Independent House,3,1.0664812237826948,1.8765323258662108
24,T Nagar,13.034604,80.22737,24000800,1568,3,2,6,Yes,Independent House,2,-0.3944263288753538,-0.46743796197632315
25,Chromepet,12.961586,80.152921,42822660,2365,2,1,25,Yes,Apartment,0,-1.7521560169806623,1.475089723727441
26,Anna Nagar,13.093049,80.203393,31043980,2214,2,2,15,No,Apartment,0,-1.031124026344577,0.5987679350374507
27,Adyar,13.009937,80.257233,40861365,2413,4,4,9,No,Independent House,3,1.2017029031153275,1.45046760305791
28,Tambaram,12.916043,80.101684,11076882,789,3,3,18,Yes,Independent House,1,0.17449043417558324,-1.845186132671477
29,Medavakkam,12.924801,80.196104,8851404,782,5,4,16,Yes,Apartment,1,1.805373615316637,-1.9194838246307624
30,Tambaram,12.923284,80.101673,26052869,2883,4,3,7,Yes,Independent House,3,0.614872853817377,0.9466763406004535
31,Medavakkam,12.920816,80.196034,17232486,1386,3,3,21,No,Apartment,1,0.09893390786854443,-0.8994019729417687
32,OMR,12.919922,80.221465,15741728,847,4,4,0,No,Independent House,1,1.4262680911604466,-1.576278848423996
33,Tambaram,12.9206,80.098764,16754968,1092,5,4,11,Yes,Apartment,1,1.8153704484922288,-1.1914433861652403
34,Medavakkam,12.915209,80.184741,33470393,2821,3,2,9,Yes,Apartment,0,-0.5176284431630195,1.2879473610642393
35,Medavakkam,12.916972,80.195285,22499368,1704,2,2,19,Yes,Independent House,2,-1.0184506231652126,-0.36086874549754316
36,OMR,12.916587,80.220882,24495742,1578,5,4,1,Yes,Independent House,1,1.858602819284329,-0.3438263338388485
37,Porur,13.039418,80.148737,17962477,1211,2,2,23,No,Independent House,2,-1.0141802009696852,-1.064361346835193
38,Anna Salai,13.051237,80.246893,19739456,2062,2,1,18,Yes,Villa,2,-1.629021558705426,-0.2395820514767372
39,Anna Salai,13.057474,80.250798,12744440,1410,1,1,21,Yes,Independent House,2,-2.1048563746044273,-1.2653468549801674
40,Pallikaranai,12.930587,80.22219,13249714,1519,4,4,5,Yes,Villa,1,1.3441244108883335,-1.0653625056162863
41,Guindy,13.017572,80.214949,14535028,1642,4,4,5,Yes,Villa,1,1.3339773246175213,-0.8737506844596629
42,Pallikaranai,12.940201,80.211669,15296600,1800,4,4,25,Yes,Apartment,1,1.1461852675124464,-0.5427175650604756
43,OMR,12.906623,80.220552,31880580,1988,1,1,20,No,Independent House,0,-2.167657257807342,0.41344343576550313
44,Anna Salai,13.059091,80.254171,50614272,2928,3,3,8,Yes,Apartment,3,0.05481055235432462,2.4483580350676406
45,Porur,13.042376,80.146534,18435329,2127,4,3,18,Yes,Villa,1,0.5797132236094037,-0.13807132761178298
46,Anna Salai,13.062863,80.252868,27826769,2041,5,4,13,Yes,Independent House,3,1.7173316649686183,0.37000929130374316
47,Anna Nagar,13.086088,80.203937,27817368,2222,3,3,10,No,Independent House,3,0.12359813903423225,0.43777338770082286
48,Perungudi,12.968675,80.237777,51065367,3071,4,4,18,No,Villa,3,1.0619645753414686,2.7372789566281495
49,Tambaram,12.925123,80.105875,27769454,2454,4,4,14,No,Independent House,3,1.1789369297327852,0.738181830388084
50,Guindy,13.013856,80.214993,19571776,1712,2,1,16,No,Apartment,2,-1.5888878370809179,-0.5893898777011832
51,Tambaram,12.924008,80.107723,7054627,739,2,1,7,No,Independent House,2,-1.4249515718215722,-2.308240423015152
52,Sholinganallur,12.904752,80.235753,46683352,2574,2,3,12,Yes,Apartment,0,-0.454336192556974,1.890742020156716
53,Pallikaranai,12.931984,80.220667,23826872,1446,1,2,5,No,Apartment,2,-1.3845496825842807,-0.6381881670934557
54,Chromepet,12.9579,80.15404,47425825,2725,2,3,17,No,Villa,0,-0.5093620383509929,2.110436408447812
55,T Nagar,13.046836,80.240497,16006446,1201,5,4,23,No,Villa,1,1.7039983045253995,-1.0518828438316015
56,OMR,12.914271,80.22469,28274473,3117,5,4,7,No,Villa,3,1.7012133432437127,1.3573866983949172
57,Porur,13.042328,80.147785,12105348,1116,3,2,4,Yes,Villa,2,-0.32639033408634577,-1.6154582812692715
58,T Nagar,13.049897,80.235382,31647393,2253,3,4,1,Yes,Villa,3,0.7957434453541643,0.6737846963020727
59,Mylapore,13.040669,80.278769,34012667,2503,1,2,0,No,Villa,0,-1.4260817249669577,0.9223283838285876
60,T Nagar,13.03238,80.230423,40622844,2549,5,4,7,No,Villa,3,1.7146526509659246,1.5688887814577765
61,Perungudi,12.963288,80.232242,43141408,2464,4,4,4,Yes,Villa,3,1.2383980863605644,1.6001191613848582
62,Perungudi,12.958547,80.240794,34248051,2441,4,4,5,Yes,Villa,3,1.2472921504275145,1.052344149998947
63,Porur,13.04318,80.147542,18653492,2276,4,4,8,Yes,Villa,3,1.2597985590601635,-0.01566319028780558
64,Porur,13.044985,80.158927,8329924,714,2,1,24,Yes,Apartment,2,-1.5756234742486661,-2.137552841128506
65,Tambaram,12.930238,80.093356,12399564,1018,2,3,18,Yes,Villa,2,-0.3459424411795916,-1.572523155574551
66,Sholinganallur,12.904547,80.237063,30473792,1824,1,1,3,Yes,Villa,0,-2.004763011186182,0.058869126097135314
67,T Nagar,13.048806,80.235708,36524475,2975,2,1,22,Yes,Apartment,0,-1.7528589001102712,1.6447488733062634
68,Anna Nagar,13.076379,80.213051,28276012,1972,5,4,17,No,Independent House,3,1.6856082578755702,0.36033892325977046
69,Adyar,13.010846,80.25621,16270424,982,4,4,13,No,Independent House,1,1.3020939862525922,-1.3290094483374724
70,Mylapore,13.040115,80.271549,45925792,3072,5,4,25,No,Villa,3,1.5130584362092432,2.49830950384846
71,Porur,13.040407,80.15408,28640512,1692,2,1,14,Yes,Villa,2,-1.5865572219646538,-0.07805318027636642
72,Adyar,13.003507,80.265106,16534208,1294,4,4,15,Yes,Villa,1,1.2641936884861111,-1.008825664621842
73,Mylapore,13.033372,80.274863,37912228,2666,3,2,6,Yes,Apartment,0,-0.48946312355220867,1.389215737498283
74,Mylapore,13.028032,80.273536,30190700,2385,4,4,25,Yes,Apartment,3,1.0818749559299823,0.8951394254199078
75,OMR,12.906616,80.234057,42350296,2488,5,4,17,No,Villa,3,1.627170773681828,1.6847828827889386
76,OMR,12.914858,80.239018,14883252,1494,3,3,3,Yes,Villa,1,0.2551259598909078,-1.0641052549692478
77,Mylapore,13.043132,80.270193,24922324,1436,2,2,23,No,Villa,2,-1.041165568223958,-0.4375047141714939
78,OMR,12.900283,80.230683,21571376,1763,1,1,7,No,Apartment,2,-2.019900813276014,-0.5041007887427091
79,OMR,12.902052,80.220245,42858272,2816,1,1,9,Yes,Independent House,0,-2.143203822177226,1.7667228597629672
80,OMR,12.918821,80.229555,28214144,2354,4,4,10,Yes,Apartment,3,1.2197404937301752,0.6440770850252736
81,Pallikaranai,12.943223,80.222683,24714416,2564,1,2,2,Yes,Apartment,0,-1.4305921085128934,0.43540974995218074
82,Anna Nagar,13.090815,80.204614,48531610,2835,2,1,24,No,Independent House,0,-1.7835680827535882,2.2481787035269862
83,Medavakkam,12.925321,80.194793,40554708,2363,4,4,9,No,Villa,3,1.205433248055168,1.3855182392876506
84,Mylapore,13.026741,80.263176,26422960,3112,1,1,6,No,Independent House,0,-2.1054716466423975,1.0361282084683898
85,Anna Nagar,13.07963,80.214239,17748082,2223,2,1,14,No,Villa,2,-1.6003119862401276,-0.23670877527408918
86,Mylapore,13.034491,80.272653,15373280,1506,4,3,8,Yes,Villa,1,0.7128711132761318,-0.9690891305883389
87,Anna Salai,13.065379,80.250984,15602658,842,3,3,1,Yes,Villa,1,0.3127841362946205,-1.6419521521343614
88,OMR,12.918854,80.230009,35563586,2469,4,3,22,No,Independent House,3,0.49144812846987473,1.2351095367560048
89,Chromepet,12.953674,80.136717,38827720,2999,4,3,1,No,Independent House,3,0.637084203757465,1.7792416034068796
90,Tambaram,12.925279,80.098845,26812324,1653,5,4,18,Yes,Apartment,1,1.699687989930956,-0.01757778942550142
91,OMR,12.908167,80.226421,41005000,3150,2,3,15,Yes,Villa,0,-0.5069315107305753,2.107376133367638
92,Anna Nagar,13.093904,80.216371,40923780,2236,2,2,22,No,Villa,0,-1.112311041209011,1.2600546448763092
93,Medavakkam,12.932304,80.190684,8598090,910,1,2,10,No,Villa,2,-1.3668299336529168,-2.0159250457388302
94,Medavakkam,12.925353,80.19257,29482334,2242,1,2,1,Yes,Independent House,0,-1.410073857170144,0.41453905357258275
95,Chromepet,12.959217,80.145894,23794454,1643,1,1,17,Yes,Villa,2,-2.104548171053701,-0.4134301687243824
96,Adyar,12.998564,80.267345,18893432,1198,5,4,9,Yes,Independent House,1,1.822380074595244,-0.9783287163051264
97,Anna Salai,13.060577,80.245068,12646211,1031,1,2,20,Yes,Villa,2,-1.4700917139255831,-1.5913941082329324
98,Pallikaranai,12.945437,80.213865,17668856,1548,4,4,14,Yes,Villa,1,1.2548361655583005,-0.7111688854792785
99,Anna Salai,13.055743,80.239651,26749558,1681,2,1,24,No,Villa,2,-1.6705952905921304,-0.1325665244951353
100,Mylapore,13.034638,80.270569,15912468,1158,3,4,14,No,Villa,1,0.7792738138077675,-1.1995652725876313
101,Chromepet,12.942473,80.151094,22479440,1528,3,3,18,No,Apartment,1,0.10679877773176888,-0.4732817313870852
102,Mylapore,13.042907,80.26634,19863617,1173,4,4,15,Yes,Apartment,1,1.265779280333428,-0.9218644431450616
103,Anna Nagar,13.0832,80.213196,27312144,2704,4,3,14,Yes,Independent House,3,0.562185036302503,0.903877405081386
104,Velachery,12.986135,80.228247,14095025,1635,1,2,10,No,Independent House,2,-1.4228398514496008,-1.011174092732091
105,Pallikaranai,12.939349,80.208395,16515036,1847,5,4,20,No,Independent House,1,1.6885718436664656,-0.4405478412884244
106,Perungudi,12.960874,80.24558,9454320,920,3,3,13,Yes,Independent House,1,0.21324697351279534,-1.855046462532068
107,Anna Salai,13.057897,80.242511,24675494,1878,1,1,25,Yes,Villa,2,-2.1916101284734024,-0.08646877148684291
108,Medavakkam,12.925294,80.187417,18530682,1246,4,4,5,Yes,Independent House,1,1.3517793047581192,-1.0029275545251406
109,Anna Salai,13.063737,80.257578,19285683,1501,5,4,14,No,Villa,1,1.7583580342428413,-0.6380877983443124
110,Chromepet,12.954379,80.144686,11639652,852,3,3,14,No,Independent House,1,0.20474448483642263,-1.7804202497563655
111,OMR,12.907627,80.227179,16859390,1365,4,4,12,No,Apartment,1,1.285555654640027,-0.9439446767804311
112,OMR,12.918212,80.234903,18440313,2171,3,2,8,Yes,Independent House,2,-0.4401296254571475,-0.22550485236632134
113,Pallikaranai,12.930803,80.208713,54417480,3036,3,3,25,No,Apartment,3,-0.10891359955567156,2.8944790153689923
114,Guindy,13.001067,80.217797,45372640,3120,2,1,20,Yes,Villa,0,-1.7605856123681038,2.296512276561951
115,Velachery,12.971743,80.221988,19925632,1888,1,1,23,No,Apartment,2,-2.165924055406261,-0.3757936725227066
116,Porur,13.044285,80.155867,17847427,1223,5,4,8,No,Villa,1,1.8315261888030328,-1.0246807968250131
117,Anna Nagar,13.075278,80.210831,30311128,2177,2,2,25,No,Apartment,0,-1.1156305327265956,0.5894854049968083
118,Chromepet,12.95103,80.148591,33383520,2944,3,3,12,No,Apartment,3,0.050013561753614044,1.4577044042348422
119,Medavakkam,12.925885,80.184934,11156408,808,3,3,20,No,Independent House,1,0.1555022010697369,-1.808900887591296
120,Adyar,12.999413,80.256573,41076569,2567,1,1,3,Yes,Apartment,0,-2.0712464309777343,1.3865415286104725
121,Perungudi,12.95398,80.241487,54892150,2955,5,4,23,Yes,Villa,3,1.5217256717543715,2.9131781877413667
122,T Nagar,13.048909,80.225687,23964156,2067,3,2,6,No,Villa,0,-0.4259943873849222,-0.004952195563540394
123,Perungudi,12.97098,80.248184,8682798,798,3,3,12,No,Apartment,1,0.23121073222031258,-2.0218304341102304
124,Anna Nagar,13.09074,80.204204,7860691,757,2,1,25,No,Apartment,2,-1.5863110528220465,-2.1187347640517555
125,Pallikaranai,12.942773,80.21562,30289567,2951,5,4,6,Yes,Villa,3,1.716873241642511,1.3167212891970292
126,OMR,12.917329,80.222636,50246460,2762,2,2,8,Yes,Apartment,0,-1.039229248761604,2.212129323337832
127,Porur,13.043034,80.157022,6572664,614,2,2,5,No,Apartment,2,-0.7967691650656586,-2.4276769625895787
128,Mylapore,13.025781,80.269777,40408236,2386,1,2,24,No,Independent House,0,-1.6420140271861323,1.3627491601470352
129,Sholinganallur,12.907946,80.226425,36518822,2426,1,1,20,Yes,Apartment,0,-2.2039027729954173,1.0994423749416269
130,Anna Nagar,13.076314,80.2056,10024930,851,4,4,2,No,Independent House,1,1.418825218986439,-1.9015244327561809
131,Perungudi,12.964109,80.233684,34745020,2110,5,4,19,No,Villa,3,1.6473972272413735,0.8905700341199653
132,Mylapore,13.040148,80.267675,29509983,2311,1,1,14,Yes,Villa,0,-2.1308865044928,0.530613231936011
133,Mylapore,13.037336,80.269185,22331000,2298,1,1,10,No,Villa,0,-2.081664066945113,0.060390450324110195
134,Anna Nagar,13.0762,80.219232,37854570,2318,1,1,3,No,Apartment,0,-2.049571504631355,0.9614663307589699
135,Medavakkam,12.932268,80.194608,19003344,2232,3,2,11,No,Independent House,2,-0.4714834362053224,-0.11420415320742908
136,Porur,13.035202,80.157625,10878459,1183,1,1,21,No,Apartment,2,-2.087054682543277,-1.5886247202194193
137,Anna Nagar,13.091589,80.205449,42511539,2307,3,3,17,Yes,Independent House,3,0.029617508253154633,1.4464094845876305
138,Velachery,12.980426,80.219216,19642527,1941,3,3,11,Yes,Apartment,1,0.1475353047730154,-0.3071745275345575
139,Velachery,12.975918,80.218601,39783904,2722,1,1,6,No,Villa,0,-2.105167742092724,1.4741054341568363
140,Mylapore,13.037079,80.265142,7478475,765,3,2,4,Yes,Independent House,2,-0.2956811262007221,-2.2197586244147884
141,Perungudi,12.967099,80.233976,33972116,3036,4,4,14,No,Villa,3,1.1307028496031635,1.652084298870679
142,T Nagar,13.039705,80.235686,32113148,2979,1,1,15,No,Apartment,0,-2.186812792910112,1.3156779741994797
143,Adyar,13.003262,80.247655,17614930,1415,2,2,24,Yes,Villa,2,-1.0352970901258323,-0.8883188735554941
144,Mylapore,13.040267,80.275824,19430166,1079,4,4,12,Yes,Independent House,1,1.2989883438341183,-1.0561257356650615
145,Anna Nagar,13.086515,80.211568,30333344,2336,4,3,0,No,Apartment,3,0.7034613484120004,0.6455809352082703
146,Mylapore,13.039626,80.272063,12021115,1021,4,4,12,Yes,Villa,1,1.316207480922154,-1.5544026244763358
147,Pallikaranai,12.935009,80.205273,40423024,2338,3,2,3,Yes,Villa,0,-0.44680063085357125,1.2135915451212667
148,Pallikaranai,12.939664,80.214312,23883891,1457,3,3,10,Yes,Apartment,1,0.17928627339745912,-0.5104777687013425
149,Tambaram,12.920019,80.09347,31511007,3193,3,3,4,Yes,Apartment,3,0.10820363146373374,1.5220063582931478
150,Velachery,12.978078,80.229683,51994268,3122,1,1,15,No,Independent House,0,-2.232216867995234,2.6409664215682804
151,Sholinganallur,12.900378,80.230528,27820042,3119,5,4,10,Yes,Villa,3,1.6754596447368826,1.3527352925473752
152,Guindy,13.009438,80.211638,30498915,1991,3,2,16,Yes,Villa,0,-0.5213120136643826,0.3852318923188878
153,Pallikaranai,12.938086,80.219536,54160520,3190,3,2,2,No,Villa,0,-0.5171047188937659,2.8238219595802176
154,Anna Salai,13.059913,80.242617,49392592,2891,1,2,20,Yes,Villa,0,-1.6551742015462403,2.344097872209791
155,Adyar,13.000151,80.252455,36398216,1956,4,3,22,Yes,Independent House,3,0.5224451998444349,0.8074358510698461
156,Chromepet,12.957089,80.149778,29941880,2040,4,4,11,No,Villa,3,1.227670018918678,0.4621824547832969
157,Adyar,13.011175,80.260631,22643200,1900,3,2,3,No,Villa,2,-0.3865351884010197,-0.2604102385798103
158,Anna Salai,13.069754,80.25357,25637030,1915,5,4,2,Yes,Villa,3,1.826332883491806,0.045343885181652506
159,T Nagar,13.048064,80.237102,23508658,1818,2,1,17,No,Independent House,2,-1.6116228292168202,-0.2477024867742455
160,Pallikaranai,12.927365,80.209877,43817888,3196,5,4,21,No,Independent House,3,1.544326683945401,2.459739887969091
161,Tambaram,12.920816,80.105762,12540704,1336,3,4,7,Yes,Apartment,1,0.8358861943797078,-1.2843678052219796
162,Medavakkam,12.915985,80.186217,27908788,1929,5,4,24,Yes,Independent House,3,1.6272713498522617,0.3466580301175705
163,Mylapore,13.042992,80.271912,28006722,2342,5,4,1,No,Villa,3,1.803750313562392,0.5781595940821429
164,Guindy,13.007757,80.229443,29857186,2737,4,4,7,No,Villa,3,1.2189138791603762,1.0785236267172604
165,Chromepet,12.957625,80.138968,23712894,2114,4,4,16,No,Apartment,3,1.1902680285273468,0.19214574701133555
166,OMR,12.917023,80.225701,32485640,2070,1,2,17,Yes,Independent House,0,-1.5457656732721836,0.5450402179052088
167,Guindy,13.019328,80.214941,21319780,2390,2,2,16,Yes,Villa,0,-1.0333273398072444,0.18648793047646686
168,Chromepet,12.946316,80.156091,31020374,2249,3,2,1,No,Independent House,0,-0.4063339929811015,0.5530819597739443
169,Porur,13.028966,80.164848,18166170,1855,2,1,3,No,Apartment,2,-1.4807352616835612,-0.6303595124948591
170,Chromepet,12.946718,80.152899,18451357,2387,2,3,19,Yes,Apartment,2,-0.45261326704640115,0.07212133221088506
171,Medavakkam,12.915337,80.187369,14493670,1005,5,4,24,No,Apartment,1,1.7103699442592228,-1.3182018898006957
172,Perungudi,12.952329,80.242008,15236074,807,5,4,3,No,Independent House,1,1.9067681062686614,-1.6032135657801845
173,Tambaram,12.923231,80.103287,38733492,2308,2,2,0,No,Apartment,0,-0.9188505472473333,1.0437113025723967
174,Anna Nagar,13.075871,80.207838,14658554,827,5,4,16,Yes,Villa,1,1.791906560879359,-1.5293669848187696
175,Porur,13.042859,80.159065,23531400,2012,3,2,25,Yes,Villa,2,-0.5892807744956432,0.049202628036305866
176,Guindy,13.01667,80.214002,16250416,1096,5,4,1,No,Independent House,1,1.9042307543201293,-1.28708930392059
177,Guindy,13.00114,80.214532,47480226,3137,4,4,5,Yes,Apartment,3,1.178982420916622,2.493914236211209
178,Guindy,13.005466,80.225566,28180552,1842,2,1,9,No,Independent House,0,-1.5511302043249022,-0.0005075808024181648
179,Tambaram,12.930887,80.098739,8234055,745,3,3,20,No,Villa,1,0.1648376233881454,-2.042800039660502
180,T Nagar,13.039147,80.239646,31362638,1938,4,4,5,No,Independent House,3,1.2844546751900088,0.41091946344798397
181,OMR,12.906424,80.221601,10812749,873,1,2,13,Yes,Independent House,2,-1.39498966506354,-1.8968489059156175
182,Perungudi,12.959031,80.232547,35410272,2376,3,3,19,No,Apartment,3,0.020584345281269508,1.0986774547001805
183,Pallikaranai,12.93975,80.210966,31625304,1674,3,4,20,Yes,Apartment,3,0.664926406436764,0.2646004153710281
184,Guindy,13.001745,80.22607,11283112,1134,2,1,19,No,Apartment,2,-1.563552095536952,-1.6039144621773875
185,Porur,13.047176,80.15394,42787883,2873,3,4,1,Yes,Independent House,3,0.7360750186393797,1.9191586359474448
186,Guindy,13.005974,80.22971,48450956,2718,1,1,11,No,Villa,0,-2.1648514647263366,2.024637411779641
187,Adyar,13.010781,80.251791,31074880,2670,2,3,12,Yes,Villa,0,-0.4318934309171727,1.0442160847153834
188,Sholinganallur,12.894453,80.232167,21221814,1369,3,4,3,Yes,Apartment,1,0.8532036074834971,-0.7607423624840107
189,Anna Nagar,13.089236,80.218646,9307700,815,3,3,17,No,Villa,1,0.18489496033390723,-1.9339705259117193
190,Perungudi,12.956735,80.24158,25421075,2633,2,2,7,Yes,Apartment,0,-0.9768565303564735,0.5964956487308185
191,Porur,13.029515,80.154463,23227168,2464,5,4,25,Yes,Independent House,3,1.5930918324363632,0.5710550511087975
192,Mylapore,13.036447,80.268699,29156038,2227,4,4,18,Yes,Apartment,3,1.1555169737319244,0.6375827173436741
193,Perungudi,12.962057,80.249064,17644600,1075,5,4,24,Yes,Apartment,1,1.700172955302525,-1.064078076925146
194,Pallikaranai,12.93392,80.222518,19695730,1795,1,1,5,Yes,Villa,2,-2.0008629071873703,-0.6005933248123715
195,Anna Salai,13.056456,80.25027,28670240,1576,3,2,6,No,Apartment,2,-0.403468215155,-0.17999657702090532
196,Medavakkam,12.929405,80.183167,10600174,1251,2,2,21,No,Independent House,2,-0.9856210651499242,-1.4823980314469527
197,Adyar,12.997306,80.26528,27183697,1413,5,4,24,No,Independent House,1,1.6613094394449999,-0.17733419870576703
198,Medavakkam,12.914359,80.183798,37979040,2528,3,3,7,No,Villa,3,0.11208289731363069,1.3113141599871285
199,Chromepet,12.947852,80.150567,24933556,2452,4,4,6,No,Independent House,3,1.2548004689026375,0.5109783976436812
200,Mylapore,13.025724,80.264535,19079170,1085,3,4,24,No,Independent House,1,0.6899220658265063,-1.0085448050691526
201,Anna Nagar,13.093908,80.217383,19895010,1565,3,4,4,Yes,Apartment,1,0.8343837600934053,-0.6508684699556682
202,T Nagar,13.041765,80.233994,19172510,1891,2,2,18,No,Apartment,2,-1.0154059024805495,-0.39312758023848016
203,Chromepet,12.960934,80.140503,10832204,644,3,4,2,No,Independent House,1,0.9269754295161771,-2.0657822738324554
204,Porur,13.028364,80.14865,27379686,1702,1,1,15,No,Villa,2,-2.097203266622195,-0.1573313325805633
205,Velachery,12.980506,80.215093,18751438,2201,3,3,11,Yes,Villa,1,0.13268083493444333,-0.11848708478304112
206,Medavakkam,12.929406,80.195065,26192824,2132,3,2,16,No,Independent House,0,-0.5223803825039596,0.2583308923907887
207,Sholinganallur,12.909779,80.232999,15767494,946,1,1,12,No,Villa,2,-2.001593193639665,-1.5783717905475576
208,Tambaram,12.929172,80.106079,26518510,2598,5,4,1,Yes,Apartment,3,1.7902408409573607,0.727317101499042
209,Medavakkam,12.919271,80.190459,53694452,3033,4,4,16,Yes,Villa,3,1.0772066025280171,2.845715607901537
210,Sholinganallur,12.896996,80.234215,44115194,2627,3,3,16,No,Independent House,3,0.015218550379976967,1.833650204852085
211,Porur,13.028733,80.155992,40549104,2256,3,2,18,No,Independent House,0,-0.5741200589536088,1.2484657916312927
212,Perungudi,12.964581,80.244095,14347640,760,5,4,18,No,Apartment,1,1.779084096791188,-1.5965791732490437
213,Pallikaranai,12.935821,80.212076,13272020,1542,4,4,1,Yes,Apartment,1,1.3779021857121476,-1.0702533665084504
214,T Nagar,13.045916,80.234074,21892100,2605,2,3,24,No,Independent House,0,-0.5168185480824781,0.5160031972731606
215,Medavakkam,12.931142,80.189447,40762762,2702,3,4,12,No,Apartment,3,0.6536065079595467,1.7145153918302274
216,Porur,13.032697,80.165958,17396930,1337,3,4,7,No,Independent House,1,0.8269466823482446,-0.9922448539907762
217,OMR,12.918674,80.235908,42799016,2552,3,3,10,No,Villa,3,0.0752940095321402,1.6434167059743394
218,OMR,12.919092,80.236092,38171292,2898,3,2,21,No,Villa,0,-0.6369322328633893,1.7244698015945827
219,OMR,12.914947,80.22428,10278473,873,1,1,11,No,Independent House,2,-1.9781133286618535,-1.9823988615891817
220,Pallikaranai,12.939314,80.215437,27566228,2852,5,4,22,No,Apartment,3,1.5870205044240178,1.1718178653047029
221,Tambaram,12.921506,80.099448,44057673,3163,1,1,7,Yes,Apartment,0,-2.149756439533873,2.1479549867329224
222,Perungudi,12.961549,80.235689,42479572,2804,2,1,5,No,Independent House,0,-1.6029767852490644,1.725093404371821
223,OMR,12.904644,80.234774,53917170,3195,3,3,1,Yes,Independent House,3,0.09358079490989324,2.8466646341181963
224,Pallikaranai,12.930726,80.21868,34677276,2261,1,1,5,Yes,Villa,0,-2.057788823913038,0.731690956771493
225,Pallikaranai,12.936087,80.216526,8345594,587,3,2,9,Yes,Villa,2,-0.33007722889585334,-2.2989643283334784
226,Medavakkam,12.919514,80.197222,25129675,2615,4,4,14,No,Apartment,3,1.1735549710170465,0.7298217273232808
227,Perungudi,12.965488,80.235563,11395314,607,3,3,23,No,Villa,1,0.14135079833789496,-1.9610174255700294
228,Sholinganallur,12.892908,80.237534,49786900,2660,4,4,10,Yes,Villa,3,1.1609107903425435,2.2225906001922384
229,Chromepet,12.956675,80.155281,9762063,577,3,3,8,No,Apartment,1,0.2785254530898269,-2.1905630922057155
230,OMR,12.901242,80.222364,20121891,1621,5,4,20,No,Independent House,1,1.6963069959645942,-0.4347292437388437
231,OMR,12.912774,80.238813,24271184,2608,2,3,22,No,Independent House,0,-0.5037188454143627,0.6476295191759824
232,Porur,13.043155,80.158615,23414938,1447,5,4,4,No,Apartment,1,1.8424257761918454,-0.509890059590739
233,T Nagar,13.049263,80.225337,48609511,2751,5,4,25,Yes,Apartment,3,1.5285035806702125,2.3603077975098428
234,Chromepet,12.959658,80.140243,16379668,869,5,4,18,Yes,Apartment,1,1.768459737346952,-1.373229671528918
235,Medavakkam,12.927238,80.192377,20620945,1893,2,2,16,No,Apartment,2,-1.000541780856607,-0.31823657949296835
236,Anna Salai,13.059536,80.240755,13227262,777,5,4,14,Yes,Independent House,1,1.8153308283339031,-1.6755756584547867
237,Chromepet,12.953166,80.137106,24447470,2171,3,2,8,Yes,Independent House,0,-0.45110938985737636,0.13469963469680274
238,Porur,13.0318,80.149209,11896736,832,1,1,15,Yes,Villa,2,-2.013748559933722,-1.8958974038841971
239,Perungudi,12.965655,80.244936,19592424,2116,4,4,14,No,Villa,1,1.2153108860936421,-0.06688902928348431
240,Medavakkam,12.927457,80.187054,10404010,1035,2,2,5,No,Independent House,2,-0.8304621047755902,-1.8058924548083826
241,Adyar,13.013167,80.25245,32821444,2446,1,1,21,No,Independent House,0,-2.2072318832020517,0.9032743710999641
242,Porur,13.036585,80.161821,24552752,1322,2,2,23,Yes,Apartment,2,-1.033262829106132,-0.5658252477853859
243,Anna Salai,13.059329,80.25304,11024700,1394,1,1,2,Yes,Independent House,2,-1.9331345198634957,-1.514688065501854
244,Pallikaranai,12.931345,80.220975,12081233,731,1,1,12,No,Apartment,2,-1.981225191679009,-1.9996235546265375
245,Adyar,13.012151,80.263868,26345164,1509,2,2,23,No,Independent House,2,-1.0483941785789266,-0.28420790884363906
246,Tambaram,12.916119,80.10897,32398980,2685,3,3,7,No,Villa,3,0.1123287143225748,1.1229223791664835
247,Anna Salai,13.063827,80.255316,50568040,2826,2,3,15,Yes,Villa,0,-0.5038700644228558,2.3790824110683686
248,Porur,13.03767,80.163487,20358893,1161,4,4,9,No,Apartment,1,1.3185497966922641,-0.9448111332757312
249,OMR,12.9106,80.227768,13678180,786,2,3,17,No,Villa,2,-0.3247522295584155,-1.7188107506678991
250,OMR,12.910713,80.236588,28227772,3198,2,2,2,No,Villa,0,-0.9737099436954629,1.2563781891361805
251,Adyar,13.012793,80.259252,32018214,3027,3,4,19,Yes,Apartment,3,0.5872514629845175,1.5412008379793007
252,Perungudi,12.956236,80.2355,20721763,2513,5,4,6,No,Villa,3,1.7621289141073684,0.33513321332015533
253,Mylapore,13.034642,80.27521,17351103,1543,1,2,22,Yes,Villa,2,-1.5287887552997905,-0.8186644329338276
254,T Nagar,13.04112,80.239756,29461511,1813,4,4,8,No,Independent House,3,1.2693966212864807,0.2012544451542747
255,Mylapore,13.03485,80.264125,12709118,1382,4,4,11,No,Villa,1,1.3008828624453994,-1.1838863688411152
256,Velachery,12.973024,80.2158,27243552,2816,1,1,18,No,Villa,0,-2.194036056198043,0.8926292837530984
257,Sholinganallur,12.91033,80.230734,43089025,2805,2,3,20,No,Villa,0,-0.5329645740017097,1.945624059641406
258,Chromepet,12.951366,80.154538,33780368,1992,4,4,5,Yes,Independent House,3,1.276612164734905,0.6061790739695949
259,Medavakkam,12.91565,80.195214,12247624,854,1,1,21,Yes,Apartment,2,-2.0686996469993293,-1.8129002723954895
260,Anna Nagar,13.087357,80.213435,12545550,1445,2,1,16,No,Villa,2,-1.5591184752498024,-1.2593383629372232
261,Sholinganallur,12.901588,80.223395,6466236,614,4,4,0,No,Apartment,1,1.4579931241020891,-2.3494373019153985
262,OMR,12.904819,80.232396,12619676,1284,1,2,3,Yes,Independent House,2,-1.3361567595748856,-1.4748826251087936
263,OMR,12.9113,80.239805,33081000,2175,3,3,2,No,Villa,3,0.18751037417505753,0.6543331912188511
264,Tambaram,12.925954,80.091122,10448541,679,3,2,2,No,Villa,2,-0.27801928790937014,-2.1355748501200313
265,Adyar,13.014596,80.265883,23235514,2597,2,1,13,No,Independent House,0,-1.6252330666810377,0.43369948061621977
266,Tambaram,12.932886,80.10127,20244380,1660,2,3,1,Yes,Independent House,2,-0.2510559691969991,-0.6217774520768763
267,Adyar,13.015277,80.253486,9304350,614,2,2,6,Yes,Independent House,2,-0.8105812557556652,-2.2569664278339485
268,Sholinganallur,12.90681,80.231686,26683088,2764,2,3,10,No,Independent House,0,-0.41218716788280285,0.854585172206036
269,Anna Nagar,13.081812,80.21548,8840405,769,5,4,3,No,Apartment,1,1.9208670661997038,-2.0221009093139672
270,Sholinganallur,12.895563,80.228961,12090498,671,4,4,20,No,Villa,1,1.2677162204353158,-1.820878942942329
271,T Nagar,13.037708,80.228629,52531115,2949,4,4,21,No,Apartment,3,1.0405624223855292,2.7322940541114007
272,Anna Nagar,13.081334,80.202231,16305323,1181,1,1,12,Yes,Independent House,2,-2.017474490300675,-1.327283485569385
273,Adyar,12.998446,80.25612,20060080,2024,3,4,24,No,Apartment,1,0.6285995213066403,-0.07530334881474109
274,Medavakkam,12.914761,80.194561,18145840,973,5,4,0,Yes,Villa,1,1.9173833180104345,-1.2948876055722836
275,Porur,13.046304,80.166063,30211415,1745,4,3,13,No,Apartment,3,0.6265025672710165,0.1777652877641913
276,Sholinganallur,12.896368,80.220819,27666697,2109,5,4,5,Yes,Villa,3,1.783866601006483,0.36844122130421464
277,Velachery,12.974134,80.216132,31370984,2274,4,4,9,No,Apartment,3,1.2278614006580681,0.7519593373171403
278,Perungudi,12.970976,80.238344,19241750,2425,4,4,3,Yes,Villa,3,1.2933730611492216,0.12380501101988185
279,Sholinganallur,12.893722,80.224313,41384514,2353,4,4,10,No,Independent House,3,1.1957313451859104,1.432874903082132
280,Mylapore,13.038297,80.272358,22618900,1836,2,3,5,No,Villa,2,-0.30183059199575507,-0.28785230170835024
281,Sholinganallur,12.909641,80.221896,19527850,2090,2,2,8,No,Villa,2,-0.9404796791784461,-0.25562261342034837
282,Medavakkam,12.929526,80.183983,29726120,2440,2,1,22,Yes,Villa,0,-1.7065156765946627,0.7388948707530468
283,Pallikaranai,12.940173,80.218005,14475680,1120,4,4,20,No,Apartment,1,1.234891438854875,-1.2597357260488289
284,Guindy,13.011087,80.22897,34409174,2389,4,3,19,No,Independent House,3,0.5250873943128788,1.0706547793730972
285,Pallikaranai,12.940152,80.2108,24377474,2022,4,3,22,Yes,Apartment,3,0.5402322845195797,0.1481025203288297
286,Perungudi,12.954119,80.233672,42632512,2856,5,4,20,No,Villa,3,1.576867393519805,2.065132354209627
287,Tambaram,12.928709,80.093015,42027125,2375,5,4,11,No,Villa,3,1.6878403148819308,1.51870593762458
288,Adyar,13.003667,80.254361,18404960,1760,4,3,13,Yes,Apartment,1,0.6471312224684876,-0.5162115015822889
289,Guindy,13.006778,80.216505,29478112,1976,2,3,15,Yes,Villa,0,-0.4114349700077381,0.32293217884922554
290,Guindy,13.018998,80.22531,19447860,1955,1,1,20,Yes,Independent House,2,-2.142840878131559,-0.3627847728473922
291,Medavakkam,12.928855,80.195195,21570190,1905,2,2,17,No,Villa,2,-1.0118567230332909,-0.24323102042656758
292,Velachery,12.977691,80.211289,13173638,669,4,4,23,Yes,Villa,1,1.2394057671041758,-1.7370585759442747
293,Tambaram,12.922216,80.093941,9110778,806,2,2,18,Yes,Independent House,2,-0.9282296663141663,-2.0068376975053237
294,Anna Nagar,13.087226,80.21184,37737937,2711,3,4,20,No,Independent House,3,0.5880113059249064,1.596813494093334
295,Porur,13.029895,80.149179,52807182,3078,3,4,5,No,Independent House,3,0.6694889088005225,2.7384899012463135
296,Anna Nagar,13.085216,80.208465,10586164,1029,2,2,5,No,Independent House,2,-0.8304146611132768,-1.8005574065655872
297,Velachery,12.982969,80.224105,38564728,2282,5,4,5,No,Independent House,3,1.7529797348344345,1.1830175486484935
298,Velachery,12.98594,80.223588,33553470,2555,5,4,9,Yes,Apartment,3,1.7095551970936462,1.1644017402466151
299,Pallikaranai,12.937109,80.213599,42550800,2534,3,2,4,Yes,Villa,0,-0.47193469218908557,1.5306108838096693
300,Perungudi,12.952617,80.246921,40510784,2368,4,4,15,Yes,Apartment,3,1.1522815373698445,1.4290105492429546
301,OMR,12.911313,80.235451,21803240,1470,1,1,17,No,Apartment,2,-2.089941011274535,-0.6939309843332239
302,Chromepet,12.952441,80.151336,40163950,2895,5,4,3,No,Independent House,3,1.7288327663285337,1.8359307524857549
303,Guindy,13.009395,80.217472,19246648,2291,4,4,3,Yes,Villa,3,1.3018592886072864,-0.0006859148213098687
304,Pallikaranai,12.940783,80.220921,17630960,1030,1,2,24,Yes,Apartment,2,-1.514416017252926,-1.26578040473544
305,Sholinganallur,12.902401,80.228546,26497956,3073,4,4,4,Yes,Apartment,3,1.230209972448153,1.1692534135667743
306,Sholinganallur,12.896347,80.23506,33218125,1875,5,4,22,No,Villa,3,1.6386288145512158,0.6009097852004165
307,Anna Salai,13.064429,80.242254,20789330,2235,1,1,1,No,Independent House,0,-1.9954797153997954,-0.15292436420236402
308,Velachery,12.974474,80.219485,38965038,2158,3,3,15,Yes,Independent House,3,0.06318420311009805,1.081175849130703
309,Chromepet,12.950694,80.145961,29201200,2200,1,1,16,No,Independent House,0,-2.140923401515647,0.42255476858278046
310,Sholinganallur,12.898954,80.237263,38739812,2427,1,1,20,No,Apartment,0,-2.208025652064066,1.2335498403664364
311,Pallikaranai,12.938559,80.215023,27329583,1649,2,3,10,No,Villa,2,-0.34268131421857695,-0.14496914137642788
312,Chromepet,12.960189,80.13936,8167830,738,3,2,3,No,Apartment,2,-0.2864102321676752,-2.2104779673638126
313,Chromepet,12.94478,80.154855,16960210,1378,1,2,22,Yes,Independent House,2,-1.5176138059525672,-0.9957560830099647
314,OMR,12.903311,80.227927,28268825,1575,1,1,2,No,Independent House,2,-1.9761278277947132,-0.31213389409973397
315,OMR,12.909536,80.222654,10687808,923,2,3,22,Yes,Apartment,2,-0.37206769795555944,-1.735984488497562
316,Tambaram,12.928781,80.099554,10684372,588,5,4,0,No,Apartment,1,1.9554290367650453,-2.1008192795670255
317,Tambaram,12.917643,80.105469,13533038,969,4,3,3,No,Villa,1,0.7943746297761006,-1.614062764751765
318,Guindy,13.003682,80.217524,15648670,830,2,2,16,Yes,Independent House,2,-0.9240626859621729,-1.6062828196280057
319,Tambaram,12.932832,80.0928,26874660,3073,2,3,21,No,Apartment,0,-0.5291378020540254,1.2298501982068373
320,Anna Nagar,13.080539,80.201785,24496351,1989,5,4,13,No,Apartment,3,1.726715575018684,0.12188503266730522
321,Medavakkam,12.925039,80.186373,12702638,659,5,4,21,No,Apartment,1,1.7620363778451225,-1.7685367973116985
322,T Nagar,13.041792,80.235579,18251970,1530,3,2,15,No,Apartment,2,-0.4608821633377678,-0.7853342419073047
323,Medavakkam,12.920208,80.196259,26150170,1846,1,1,4,No,Independent House,2,-2.007074278554213,-0.17298761151379805
324,Guindy,13.004715,80.228952,8980310,618,4,3,18,Yes,Apartment,1,0.6926607924013773,-2.110242277620007
325,Guindy,13.002049,80.221231,44455160,3124,4,4,22,No,Villa,3,1.0354098757245729,2.41791580387826
326,Sholinganallur,12.910486,80.221008,10213468,892,2,2,9,Yes,Independent House,2,-0.8563247573047367,-1.9228368775411575
327,Porur,13.029358,80.148224,21854380,1820,4,3,22,No,Independent House,1,0.5576501132775532,-0.19129680672557675
328,T Nagar,13.046634,80.238513,55260041,3057,1,2,19,Yes,Villa,0,-1.6676033217015644,2.8435973853442
329,Anna Nagar,13.085344,80.21655,9778528,596,1,1,5,No,Villa,2,-1.9067235975116488,-2.3117971058097124
330,OMR,12.915429,80.220587,10550446,1069,2,2,23,No,Independent House,2,-0.9916302804251569,-1.641040120219109
331,Guindy,13.012951,80.220423,46324665,2695,4,4,2,No,Independent House,3,1.235573452055162,1.9922858555593022
332,Medavakkam,12.918002,80.184658,26361892,2596,3,2,18,Yes,Villa,0,-0.5697438837122022,0.7143819985690594
333,Sholinganallur,12.89192,80.22518,29489804,2634,1,1,0,Yes,Apartment,0,-2.027858452968876,0.7334268151768175
334,Anna Salai,13.055365,80.257917,9516768,694,2,2,17,No,Apartment,2,-0.9130521097251657,-2.0937027547723694
335,Porur,13.031787,80.162587,24229042,2891,3,2,11,Yes,Independent House,0,-0.5228133992053076,0.8128216533462577
336,Adyar,13.007762,80.247659,22658825,2455,4,3,9,No,Villa,3,0.6305719429200575,0.3584182996108983
337,Tambaram,12.934337,80.109956,53251400,3100,3,3,7,No,Villa,3,0.04790536872744158,2.7597466160065385
338,Guindy,13.011231,80.223219,13612622,1166,2,2,0,No,Apartment,2,-0.8005358910477324,-1.5260632439123896
339,Mylapore,13.025679,80.270296,7181090,555,1,1,24,No,Independent House,2,-2.066940977194778,-2.3744049481552922
340,Tambaram,12.933325,80.107946,8136605,795,4,4,4,No,Apartment,1,1.4081885504416487,-2.053078702577104
341,Medavakkam,12.923009,80.195344,22787255,2427,4,4,23,Yes,Independent House,3,1.1103824965646518,0.47649821838704237
342,T Nagar,13.03702,80.23,27954518,2331,1,1,21,Yes,Apartment,0,-2.191045571294876,0.504349768594937
343,Guindy,13.019271,80.213222,17228996,1852,4,4,14,No,Apartment,1,1.2363674860887972,-0.45445054348835484
344,Guindy,13.006681,80.212915,19857110,1186,5,4,3,Yes,Villa,1,1.874294454914254,-0.9731888253543722
345,Porur,13.031352,80.160221,16367572,1812,2,3,14,No,Apartment,2,-0.3682555265263246,-0.6228424466653661
346,Pallikaranai,12.946368,80.211625,18324380,1430,5,4,10,Yes,Apartment,1,1.7998929357342965,-0.7894938502384274
347,Adyar,13.011662,80.252497,21828296,1262,3,3,0,No,Villa,1,0.28359752152916307,-0.8844426655654862
348,Chromepet,12.945563,80.144212,10070627,1047,1,1,0,Yes,Apartment,2,-1.8917536350468782,-1.908856340325414
349,Perungudi,12.960869,80.234276,15568631,857,1,1,0,Yes,Apartment,2,-1.8897573751502832,-1.7561153883340173
350,Anna Salai,13.059063,80.254089,13375048,724,3,2,14,Yes,Apartment,2,-0.3920511788360683,-1.8352488017964022
351,Chromepet,12.9471,80.14512,23621602,2297,1,2,5,No,Apartment,0,-1.4381252263044348,0.14197879441358602
352,Velachery,12.97032,80.216796,26602784,1758,1,1,15,No,Independent House,2,-2.0993334847464693,-0.15176756470170202
353,Velachery,12.984997,80.230988,52616074,3182,4,4,25,Yes,Independent House,3,0.9903589932144746,2.982011301127315
354,Guindy,13.010448,80.218268,46722260,2780,3,4,25,No,Villa,3,0.5231197103913636,2.2343495341445005
355,Velachery,12.985273,80.220634,24337205,2995,1,1,7,Yes,Villa,0,-2.1030610794128144,0.8090189307434869
356,Porur,13.033531,80.162826,15674053,1203,5,4,3,Yes,Independent House,1,1.880862418204818,-1.2081847293700385
357,Anna Salai,13.053922,80.25145,29132168,2908,1,1,25,No,Villa,0,-2.265054721367215,1.1399301735465008
358,Guindy,13.017134,80.226708,21567160,1990,3,2,18,Yes,Independent House,2,-0.5225616658130977,-0.137446873283218
359,Chromepet,12.946252,80.140576,12550480,1269,5,4,15,Yes,Apartment,1,1.7765574113329192,-1.2510811418548735
360,Medavakkam,12.927239,80.200976,26006456,1908,4,3,19,Yes,Apartment,3,0.5709396105113588,0.11888541122796858
361,Pallikaranai,12.944213,80.222911,11482458,639,3,2,4,Yes,Apartment,2,-0.29501152322799445,-2.0970043644219105
362,Porur,13.042847,80.155237,20470240,1928,4,3,9,No,Apartment,1,0.6679823438182085,-0.2635722836939824
363,Perungudi,12.963779,80.235207,24612752,1263,4,4,22,No,Apartment,1,1.1896590080582434,-0.5049019801288901
364,OMR,12.907832,80.239886,22423645,1277,3,3,23,Yes,Independent House,1,0.07871753039942814,-0.6758073999418485
365,Sholinganallur,12.893082,80.227824,49571505,3017,1,1,10,Yes,Independent House,0,-2.1770360767076227,2.363354062502515
366,Porur,13.044633,80.1599,17152410,1970,1,1,10,Yes,Independent House,2,-2.051404569385556,-0.5555739981523948
367,Mylapore,13.03061,80.27544,6333560,596,3,4,8,Yes,Apartment,1,0.8853260030131133,-2.338761472497337
368,Mylapore,13.033462,80.267274,29857790,2130,1,1,14,No,Apartment,0,-2.1200473867558536,0.3829162654495207
369,Medavakkam,12.914374,80.199515,38169609,2513,4,3,25,Yes,Apartment,3,0.4574379234980297,1.453082372862923
370,OMR,12.917759,80.223218,16345153,1619,1,1,3,Yes,Villa,2,-1.9659426030378877,-0.9792220266716196
371,Anna Nagar,13.083626,80.213173,17018538,1934,5,4,19,No,Independent House,1,1.6909551935636051,-0.3362513532020034
372,Sholinganallur,12.899186,80.228982,9776128,769,4,4,3,No,Apartment,1,1.4156593490713694,-1.9858923152413408
373,Anna Salai,13.058258,80.250593,15805539,1703,5,4,9,Yes,Apartment,1,1.7960086483051603,-0.6932162672881468
374,Chromepet,12.958078,80.148702,24969275,2027,2,1,0,No,Apartment,0,-1.4776166002205566,-0.08299162393427711
375,Chromepet,12.961141,80.145671,8716555,655,2,1,6,Yes,Independent House,2,-1.4138447064365318,-2.2937218291045807
376,Anna Nagar,13.085883,80.203798,44904648,2478,3,4,15,No,Apartment,3,0.6337794424058406,1.7750132539606323
377,Anna Salai,13.059701,80.244125,20664056,1314,4,4,14,Yes,Villa,1,1.2641964638566414,-0.7494765132284863
378,OMR,12.906876,80.230829,23478874,1169,5,4,24,Yes,Apartment,1,1.683549877755885,-0.626704614990697
379,Guindy,13.019713,80.224241,41537986,2817,5,4,1,No,Independent House,3,1.7489046222036981,1.831862316985635
380,Anna Salai,13.060442,80.257609,20920000,2500,4,4,9,Yes,Villa,3,1.2326358138573577,0.3357492724163897
381,Guindy,13.019843,80.226669,12646996,1042,5,4,24,No,Apartment,1,1.7113995749689772,-1.3944777271975772
382,Velachery,12.972058,80.223101,15530120,870,1,2,21,No,Apartment,2,-1.4739751395606666,-1.5614836859721717
383,Porur,13.045332,80.156894,26901677,2139,1,1,17,No,Independent House,0,-2.1416723377520994,0.23477621265817036
384,Anna Salai,13.062159,80.254768,16945830,1010,1,2,13,Yes,Apartment,2,-1.4148849614172436,-1.4015153859539538
385,Anna Nagar,13.082661,80.209812,19993767,1721,1,1,17,No,Villa,2,-2.102546304964051,-0.5686932501969733
386,Sholinganallur,12.903173,80.231773,23496895,1255,4,3,8,No,Apartment,1,0.713935541369894,-0.7157147724563621
387,Adyar,12.997105,80.263848,21954346,1523,4,4,1,No,Villa,1,1.3632373400279638,-0.5673322508842201
388,OMR,12.90601,80.234874,25082163,2563,3,3,22,Yes,Apartment,3,0.0011491427969613853,0.6742523576622627
389,Guindy,13.004628,80.226979,33632909,2257,3,3,19,Yes,Apartment,3,0.03137720165678861,0.8812860320068193
390,Mylapore,13.037791,80.267768,11435660,780,4,4,16,Yes,Apartment,1,1.2972795354543574,-1.7862874355398792
391,Guindy,13.001061,80.211511,16480707,1261,5,4,6,Yes,Apartment,1,1.8492535086842767,-1.0850694580463012
392,Porur,13.041823,80.151339,19581682,2058,2,2,14,No,Independent House,2,-0.991464382364248,-0.24072405930594012
393,Chromepet,12.958353,80.141373,14860083,1277,5,4,15,No,Villa,1,1.7718287890953053,-1.105141614789566
394,Pallikaranai,12.942597,80.207986,11340250,662,1,1,12,Yes,Apartment,2,-1.975496453710118,-2.108309557413074
395,Tambaram,12.932193,80.109343,13105856,1652,2,2,20,No,Independent House,2,-1.006803876455686,-0.9656399562449373
396,Perungudi,12.956475,80.243867,8287558,1091,1,2,20,Yes,Independent House,2,-1.4659288648915,-1.7968763706004143
397,OMR,12.909334,80.233544,23622900,2092,3,4,11,No,Villa,3,0.7324256694505015,0.11180439843736192
398,Pallikaranai,12.94633,80.220488,55056288,2944,5,4,3,Yes,Independent House,3,1.698506395003038,2.7745435991839247
399,Medavakkam,12.919626,80.18813,16755740,1772,5,4,21,Yes,Villa,1,1.6840674861761,-0.4890450932339891
400,Porur,13.046194,80.162609,20891301,1773,3,3,6,Yes,Independent House,1,0.19999933484512306,-0.42329954132966213
401,Guindy,13.013508,80.230449,16288203,1859,5,4,21,Yes,Independent House,1,1.6794065139198033,-0.4360629249713682
402,OMR,12.91632,80.226863,37036080,2140,4,4,23,Yes,Independent House,3,1.1025336724318555,1.0636315962628387
403,Mylapore,13.04113,80.263323,36867932,2018,2,3,16,No,Apartment,0,-0.4364237755054011,0.8120679317766868
404,Anna Nagar,13.088089,80.204545,22110891,1609,4,4,23,Yes,Independent House,1,1.1634773771653317,-0.3258032297299615
405,Tambaram,12.924175,80.092356,24035019,1907,3,4,11,No,Independent House,1,0.7434008264287026,-0.035761170260506486
406,Adyar,13.007297,80.255762,35420452,2484,5,4,6,Yes,Independent House,3,1.7371014461269743,1.1894985460398948
407,Pallikaranai,12.929864,80.220948,20859520,1370,2,2,10,No,Independent House,2,-0.914906273337125,-0.8324334942878747
408,Velachery,12.97026,80.220241,33759240,1912,1,2,20,Yes,Villa,0,-1.5645343347168532,0.49500940328446524
409,Tambaram,12.923574,80.098588,44606185,2555,2,2,25,Yes,Apartment,0,-1.1657227741163134,1.7986579413244617
410,T Nagar,13.050801,80.24154,9460728,569,4,4,1,Yes,Independent House,1,1.4465535406617718,-2.2048735313643255
411,Guindy,13.004925,80.22804,9400348,623,5,4,21,Yes,Independent House,1,1.7703545262433784,-2.000074772766706
412,OMR,12.916477,80.225964,18114349,2121,2,1,16,No,Apartment,2,-1.6121532982728493,-0.29590845857526915
413,OMR,12.907185,80.223769,36962106,2326,4,4,21,Yes,Villa,3,1.1085154003494826,1.218581111054927
414,Anna Salai,13.062194,80.24298,12928115,1485,4,3,7,Yes,Apartment,1,0.727490840638335,-1.1421749329206707
415,Porur,13.041439,80.159571,25194020,3172,1,2,8,Yes,Independent House,0,-1.5229290231368604,1.0718249378209173
416,Adyar,13.001755,80.261537,36535262,2257,1,1,14,No,Apartment,0,-2.1403037417102206,0.9015805758917783
417,Tambaram,12.9203,80.102113,35786052,2273,1,1,21,Yes,Independent House,0,-2.2016828782154896,0.919937308908279
418,Velachery,12.984795,80.221155,25453215,2645,4,3,23,Yes,Villa,3,0.4899506508290776,0.7996737320430264
419,Sholinganallur,12.896907,80.218688,37915396,2692,2,2,6,No,Independent House,0,-0.9946146533335029,1.3937178919752393
420,Chromepet,12.959738,80.152905,17104032,1904,2,3,7,Yes,Apartment,2,-0.31369994725338146,-0.5413910214965507
421,Perungudi,12.970096,80.244587,9948962,918,4,4,24,Yes,Independent House,1,1.220694779287644,-1.6916308273360923
422,Chromepet,12.958645,80.143404,20240346,2451,3,3,1,Yes,Apartment,3,0.20230190463395958,0.13448217134474072
423,Perungudi,12.965267,80.23511,10989408,1024,3,4,3,Yes,Apartment,1,0.8937781180647181,-1.6955774200112168
424,Porur,13.036216,80.165746,10244450,930,4,4,11,No,Apartment,1,1.334043117581714,-1.7525894550252674
425,OMR,12.913923,80.221173,22882367,2277,4,4,20,Yes,Apartment,3,1.1461756873701803,0.32178211683297775
426,Pallikaranai,12.930625,80.211295,32957212,2254,2,1,18,No,Independent House,0,-1.6653529134256577,0.7317842577054439
427,Porur,13.037014,80.147767,17405730,1085,5,4,15,No,Apartment,1,1.7793481032635985,-1.1312939913270184
428,Perungudi,12.962382,80.245465,35350858,2699,3,2,24,Yes,Independent House,0,-0.6456186273432492,1.3907698750780522
429,Sholinganallur,12.898698,80.234681,27952544,1568,1,2,15,No,Independent House,2,-1.4880166059273086,-0.20807584489379877
430,Medavakkam,12.929937,80.199988,11268736,597,5,4,20,Yes,Independent House,1,1.7774070098899117,-1.9191650550882038
431,Anna Nagar,13.079454,80.212966,25508480,1536,4,4,10,No,Apartment,1,1.2765444892911242,-0.2799063776615506
432,T Nagar,13.040741,80.226074,37853380,2430,2,1,14,No,Apartment,0,-1.6501832088693402,1.1616205835810647
433,Chromepet,12.941603,80.138018,35723192,2202,1,1,13,Yes,Independent House,0,-2.1265134601226237,0.7947575538191941
434,Sholinganallur,12.910007,80.225167,40595568,2632,5,4,17,Yes,Independent House,3,1.6212488827175875,1.7136618147981202
435,Adyar,13.003966,80.256551,34917203,1909,2,3,17,No,Independent House,0,-0.43476718108606405,0.6005049863222379
436,Anna Nagar,13.082478,80.202226,31295296,1948,2,1,11,No,Independent House,0,-1.5811816769578564,0.29879397482812353
437,Anna Salai,13.062617,80.243351,13561750,1125,2,3,22,No,Apartment,2,-0.3901267998449479,-1.3755474186511623
438,Anna Salai,13.052555,80.247889,32362192,2422,4,4,25,Yes,Independent House,3,1.0755602611957689,1.0598030911797582
439,Anna Salai,13.061007,80.240571,19435045,2395,5,4,14,Yes,Villa,3,1.7014082358694418,0.2033866308698143
440,Anna Salai,13.053873,80.255905,45372728,2632,4,4,24,Yes,Independent House,3,1.0472856838759819,2.028594412564154
441,Anna Nagar,13.080472,80.219372,30929138,2614,4,4,12,No,Independent House,3,1.180656559120984,1.0628178019111385
442,OMR,12.917214,80.234237,19812125,1115,4,4,13,No,Independent House,1,1.2871887511807816,-0.9927866104358808
443,Anna Salai,13.068824,80.242253,19865404,1372,5,4,6,No,Independent House,1,1.83602997349422,-0.7787480088268276
444,Mylapore,13.035256,80.278553,16197140,1022,2,2,24,No,Independent House,2,-1.007790713221929,-1.339305996190569
445,Mylapore,13.024105,80.262607,21936320,2280,4,4,25,Yes,Independent House,3,1.1036188215377507,0.3024067085349536
446,Perungudi,12.954929,80.232941,18745515,1643,1,1,24,Yes,Villa,2,-2.157053996913221,-0.667795832385817
447,Guindy,13.012722,80.224011,25506114,2766,3,3,1,No,Villa,3,0.17270722407297645,0.743568064680722
448,Medavakkam,12.91384,80.190232,28241901,1523,2,3,16,No,Independent House,2,-0.3892758360492776,-0.16612905396052002
449,T Nagar,13.049177,80.240909,11851701,603,3,2,23,No,Apartment,2,-0.4609683289060238,-1.9770662890117552
450,Chromepet,12.947484,80.139749,31103200,2960,2,2,17,Yes,Independent House,0,-1.0961646654865456,1.3108387186203905
451,Perungudi,12.96057,80.242832,10165565,1261,1,1,23,Yes,Villa,2,-2.1083349608710424,-1.5449125206249221
452,Velachery,12.969899,80.229773,6464128,573,2,2,10,No,Independent House,2,-0.8380673551034046,-2.437807125911413
453,Sholinganallur,12.901508,80.23704,31737713,2559,1,1,25,No,Apartment,0,-2.247691579770223,0.9711665556487602
454,Medavakkam,12.917324,80.186867,29167172,2253,1,1,17,No,Apartment,0,-2.1530404079509964,0.4767811350313672
455,Porur,13.028376,80.159879,32401776,1752,3,3,6,No,Independent House,3,0.18029204730957768,0.24734215958473735
456,Chromepet,12.949318,80.147005,7315041,713,2,2,21,No,Villa,2,-0.9455090496881978,-2.18038394921744
457,OMR,12.905929,80.233031,20999008,2656,1,1,25,No,Villa,0,-2.2342130801375797,0.4175755244072852
458,Porur,13.032416,80.15909,10111896,943,5,4,5,Yes,Independent House,1,1.8898736686205104,-1.7700019748810196
459,Tambaram,12.929838,80.093075,13387952,1392,4,3,17,No,Independent House,1,0.6443545850115543,-1.1320895796343688
460,Chromepet,12.952762,80.147699,11603316,908,3,2,2,Yes,Apartment,2,-0.2946478452454273,-1.853080257319484
461,Tambaram,12.915238,80.103466,27559437,2139,3,4,14,No,Villa,3,0.6957933863445953,0.41235194014462173
462,Medavakkam,12.915023,80.198338,45421624,2948,1,1,1,Yes,Villa,0,-2.085704106776633,1.9880568790872555
463,OMR,12.916442,80.220616,25444519,1703,5,4,24,No,Villa,1,1.6461031841855986,-0.011563484205507015
464,Velachery,12.988303,80.214082,15609856,1108,5,4,23,No,Independent House,1,1.710619092449009,-1.1622676467401698
465,Perungudi,12.952101,80.243633,23145828,2817,3,2,17,Yes,Apartment,0,-0.5690571635540951,0.7204284251128228
466,Medavakkam,12.931013,80.199629,27240480,1798,5,4,6,No,Apartment,3,1.7955428888820273,0.06018374959607476
467,Velachery,12.972727,80.227193,13907158,1454,2,2,19,No,Apartment,2,-0.9868967330292009,-1.108886748844611
468,Pallikaranai,12.932014,80.207648,26348570,3190,1,2,17,Yes,Villa,0,-1.60555294536593,1.2200217640747784
469,Sholinganallur,12.90339,80.235902,25482052,2012,4,4,4,Yes,Apartment,3,1.2993308958641088,0.12030374750156214
470,Porur,13.031248,80.157837,33385474,1894,4,4,19,No,Independent House,3,1.16007848089131,0.5880030710634776
471,Guindy,13.014644,80.223317,14679960,1240,3,4,0,No,Apartment,1,0.8997963811279241,-1.2938721093943268
472,OMR,12.915495,80.229739,26069316,1908,3,3,15,No,Villa,3,0.10260396854345233,0.07510826716766147
473,Anna Nagar,13.076529,80.201608,30334934,1699,2,1,4,Yes,Villa,0,-1.5019063485202577,-0.03904931118498125
474,Adyar,13.014826,80.258532,33252505,2933,5,4,18,No,Independent House,3,1.606768765347529,1.5605644362753575
475,Medavakkam,12.927565,80.18842,21792280,1158,5,4,11,No,Apartment,1,1.8019791547686765,-0.82793220137835
476,Chromepet,12.95856,80.152331,26235775,2175,5,4,11,Yes,Independent House,3,1.7293828094406616,0.3855705262978515
477,Sholinganallur,12.904188,80.237255,39673790,2377,2,2,5,Yes,Independent House,0,-0.9690394307775855,1.1989070443680079
478,Mylapore,13.028887,80.26438,7740735,715,4,4,7,No,Apartment,1,1.3875263582215622,-2.1305793802968864
479,Perungudi,12.971612,80.238181,17369767,2139,2,2,15,No,Apartment,2,-1.0013758016423273,-0.2910149649932988
480,Mylapore,13.03117,80.271454,31330252,1628,5,4,18,Yes,Villa,3,1.6930151308789705,0.23004800742211798
481,Anna Salai,13.060137,80.249242,26957423,2091,1,1,7,No,Villa,0,-2.0505394966939026,0.124303311681074
482,Sholinganallur,12.90387,80.22213,36775930,2351,1,1,5,Yes,Apartment,0,-2.067330420623191,0.9413421817494171
483,Velachery,12.977392,80.217804,33480595,3015,2,2,22,Yes,Independent House,0,-1.1480926907723017,1.5391692701692514
484,Anna Nagar,13.075449,80.200963,36494784,2512,4,4,6,Yes,Independent House,3,1.2298652699483492,1.2600928887339458
485,Sholinganallur,12.892118,80.223065,12856006,1101,5,4,20,Yes,Independent House,1,1.7425538087185413,-1.3546491121397486
486,Velachery,12.985526,80.230145,56097368,3004,5,4,18,Yes,Independent House,3,1.5605121929013348,2.996518034934284
487,Tambaram,12.917754,80.101653,44480568,2522,4,4,5,Yes,Villa,3,1.2234542093560203,1.7413415325931196
488,Guindy,13.012212,80.215096,21731428,1236,2,2,23,No,Villa,2,-1.0226539377255341,-0.8150846988908454
489,T Nagar,13.033726,80.233217,11439640,617,2,1,6,No,Apartment,2,-1.416412827213326,-2.1658253767054765
490,Sholinganallur,12.904188,80.23594,43120126,2726,5,4,16,Yes,Apartment,3,1.6194944078209814,1.9456645858236874
491,Medavakkam,12.921479,80.201368,42647840,2688,1,2,13,No,Apartment,0,-1.5682425336819494,1.7022442899915722
492,Chromepet,12.94669,80.151517,29229666,2962,4,4,25,Yes,Villa,3,1.0470515239531344,1.37483222984028
493,Anna Salai,13.050509,80.254473,30788000,3000,1,1,17,No,Villa,0,-2.2033603840059555,1.2695978331664364
494,Adyar,13.010455,80.253818,30257470,2678,5,4,0,No,Independent House,3,1.7871542618827785,1.0191013209046635
495,Porur,13.036671,80.153813,36721985,2295,1,1,20,No,Villa,0,-2.1959691210327454,0.9896336108114234
496,OMR,12.911182,80.229675,31291730,2242,4,4,17,No,Apartment,3,1.1594816128706087,0.7727010356013675
497,OMR,12.914956,80.228932,22013180,2180,5,4,23,Yes,Independent House,3,1.6309537823176035,0.2199690057007838
498,Mylapore,13.035881,80.273391,23876560,1428,2,1,16,No,Villa,2,-1.5787513276191618,-0.5957329280042993
499,Adyar,13.015217,80.256208,47448958,3154,2,3,0,Yes,Apartment,0,-0.38667571446420557,2.3938223323133236
500,Anna Nagar,13.093614,80.208113,28996128,2068,3,3,2,Yes,Independent House,3,0.20176008811330465,0.3097523735655041
501,Perungudi,12.960779,80.235734,47751703,2997,5,4,1,Yes,Independent House,3,1.7261358757414955,2.3720738042039464
502,Perungudi,12.96548,80.238895,15668272,1347,5,4,1,Yes,Independent House,1,1.889382172622398,-1.0882577860855454
503,Perungudi,12.959903,80.243422,16763755,905,1,1,8,No,Villa,2,-1.965538195400618,-1.5844604460076386
504,Medavakkam,12.9312,80.189562,15351040,919,1,1,17,No,Independent House,2,-2.0432161332744525,-1.5939283047797241
505,Pallikaranai,12.927093,80.207201,51298827,3033,3,3,6,No,Villa,3,0.06454100183543615,2.5733613768006496
506,Medavakkam,12.932034,80.200122,40717490,2610,1,1,9,No,Apartment,0,-2.126231188375684,1.4465230232548838
507,Pallikaranai,12.946225,80.212877,32191095,2363,5,4,12,No,Apartment,3,1.697760012755874,0.9246493576179496
508,Chromepet,12.954273,80.156084,35990956,2524,5,4,3,No,Apartment,3,1.7599803203329998,1.2402215837097819
509,Perungudi,12.956965,80.23356,26332046,2239,2,2,11,Yes,Independent House,0,-0.9888198937162479,0.3118624008280132
510,Perungudi,12.956371,80.243174,37586232,2821,3,2,5,No,Villa,0,-0.48987462021789907,1.5070969451845417
511,Velachery,12.973684,80.227899,15199029,1367,2,3,7,Yes,Villa,2,-0.27617390335254655,-1.1556895885473888
512,Pallikaranai,12.940516,80.216968,12342580,1188,5,4,24,Yes,Apartment,1,1.702700038287958,-1.2767719238489847
513,Sholinganallur,12.908375,80.227716,41940300,2525,1,1,11,No,Villa,0,-2.140715819704828,1.4545147323585106
514,Guindy,13.016385,80.220066,36520727,2179,5,4,7,Yes,Apartment,3,1.7456072605070585,0.9783608072778744
515,Medavakkam,12.926865,80.191801,19897464,2162,1,1,21,Yes,Villa,2,-2.1656049749331485,-0.13614940263881692
516,Mylapore,13.035856,80.264894,18761612,1413,1,1,12,Yes,Villa,2,-2.036672120136413,-0.9639531012879086
517,Medavakkam,12.922875,80.186811,18051489,1653,3,3,15,No,Villa,1,0.1334249969605367,-0.6431244060956569
518,Mylapore,13.026223,80.271218,37330590,2190,3,3,8,No,Apartment,3,0.12587709369052555,0.9645878594135169
519,Tambaram,12.917817,80.109183,15971180,1515,1,1,17,No,Villa,2,-2.0821341446864783,-1.0017309241009869
520,Velachery,12.97944,80.225611,24063636,1273,4,3,13,No,Apartment,1,0.6676626781597826,-0.6304111179424982
521,Guindy,13.014211,80.211701,15595317,1577,4,4,17,Yes,Villa,1,1.2303301257161654,-0.7877629749976951
522,Pallikaranai,12.932195,80.210906,40559307,3129,3,4,3,No,Independent House,3,0.706280432316662,2.0377453465476494
523,Medavakkam,12.916879,80.194118,12177151,631,3,3,13,Yes,Villa,1,0.2265919301389663,-1.9609036005651777
524,Perungudi,12.96175,80.246431,28847545,1715,5,4,11,No,Independent House,3,1.7537716251330937,0.11381380896091836
525,Anna Salai,13.067765,80.252412,29209499,3063,1,2,9,No,Independent House,0,-1.5321773473342268,1.2180110727304254
526,Anna Salai,13.05364,80.244164,27507960,3135,3,4,19,No,Apartment,3,0.5886483558434891,1.3713271614157752
527,Porur,13.043819,80.165275,44781381,3029,3,3,20,No,Villa,3,-0.046761306199487734,2.275596989112968
528,Mylapore,13.038155,80.27294,22812760,2245,5,4,5,Yes,Apartment,3,1.7841165587260783,0.20403383238004655
529,Mylapore,13.042336,80.269164,10419485,1233,1,1,12,Yes,Apartment,2,-2.010013107388996,-1.6317894919855234
530,Adyar,13.009062,80.249186,30964800,2696,1,2,24,Yes,Apartment,0,-1.6444065272405106,1.0851774446158389
531,Anna Salai,13.052928,80.250135,27706096,1489,4,4,7,No,Villa,1,1.3019648871849478,-0.21263442756399756
532,Velachery,12.987797,80.222171,32386416,2011,1,1,10,No,Villa,0,-2.081848259896504,0.3960763068697851
533,Velachery,12.986646,80.2199,54228490,2970,5,4,19,No,Independent House,3,1.5572644167748264,2.859705224063253
534,Perungudi,12.958157,80.239944,30579308,1972,5,4,15,Yes,Apartment,3,1.6990366749672856,0.4846271174034438
535,Velachery,12.978484,80.211366,7933900,550,3,2,16,Yes,Villa,2,-0.3887132367112685,-2.3097243851799476
536,Anna Salai,13.055024,80.239744,31819837,1777,4,4,0,No,Villa,3,1.33792175255225,0.25384818919207086
537,Porur,13.042499,80.15942,28535050,2846,2,3,13,No,Apartment,0,-0.44722819574095385,1.0627292674677487
538,Pallikaranai,12.937332,80.219699,19773348,1627,4,4,2,No,Independent House,1,1.3518112833623872,-0.5943510381422199
539,Sholinganallur,12.90807,80.221548,28998240,2728,3,3,25,No,Villa,3,-0.04292657400491101,1.0834580315059923
540,OMR,12.90984,80.226413,53485240,3080,1,2,14,No,Independent House,0,-1.6217216614557934,2.724035735172505
541,Velachery,12.983404,80.225742,12361928,1311,1,1,3,No,Villa,2,-1.939135907613304,-1.50488476407087
542,Tambaram,12.921132,80.105989,8969850,610,1,1,15,Yes,Villa,2,-1.9943247507312327,-2.278133701800476
543,Porur,13.043713,80.147928,23618132,1902,4,3,2,Yes,Apartment,1,0.7256111847993466,-0.1474101985953915
544,Chromepet,12.949296,80.155699,18436772,1574,2,2,12,Yes,Apartment,2,-0.9410493188788274,-0.7739137164154001
545,Tambaram,12.934542,80.099457,44149107,2437,1,1,23,Yes,Independent House,0,-2.245004129507833,1.587952260440425
546,Perungudi,12.962419,80.236766,20688796,1199,3,3,20,Yes,Independent House,1,0.11329091393986072,-0.8732041862985799
547,Perungudi,12.964658,80.23819,23514516,2026,3,3,1,Yes,Apartment,3,0.2232611082465045,-0.06496235060413555
548,Velachery,12.980722,80.225015,18190648,2171,3,2,25,Yes,Apartment,2,-0.5895991537118574,-0.12297717641960425
549,Mylapore,13.033598,80.273419,22346393,2071,5,4,24,Yes,Apartment,3,1.6284358320956418,0.1453570599608298
550,Porur,13.044029,80.149017,32168722,2006,1,1,20,Yes,Independent House,0,-2.1693250617072577,0.4474832799929289
551,Tambaram,12.922063,80.092695,32441394,2346,3,3,23,Yes,Apartment,3,-0.007363964655383362,0.9203657278206934
552,Anna Salai,13.054196,80.243333,35697918,2342,1,2,17,No,Independent House,0,-1.5688809596622688,0.9909507758417703
553,Porur,13.031301,80.152413,27832254,1677,3,4,19,Yes,Apartment,1,0.68048824694961,0.03304146807390092
554,OMR,12.917659,80.232395,26683951,2409,5,4,0,No,Independent House,3,1.810739626931593,0.5543235149102533
555,Porur,13.044581,80.150297,31991290,1863,5,4,23,Yes,Independent House,3,1.6328127937190176,0.5230825411344673
556,Perungudi,12.95844,80.233625,55567500,3061,4,4,9,No,Villa,3,1.133742147790808,2.9357211288466587
557,Perungudi,12.961707,80.233675,9961993,1081,1,1,5,Yes,Apartment,2,-1.9378064108466133,-1.8491502405525129
558,Sholinganallur,12.895414,80.232257,37144406,2703,4,4,19,No,Apartment,3,1.1019199144091745,1.5667621182856866
559,Adyar,13.01157,80.265309,15156534,877,2,3,14,Yes,Villa,2,-0.3067659459970105,-1.5661580518678677
560,Pallikaranai,12.943689,80.205259,26578628,3076,3,2,8,Yes,Independent House,0,-0.5123788418227593,1.1052511310104032
561,Tambaram,12.918689,80.100524,15333732,964,5,4,23,Yes,Independent House,1,1.720252935088848,-1.312921655205838
562,Tambaram,12.930226,80.101531,27261336,2837,5,4,23,No,Independent House,3,1.5797095647534947,1.146478994282227
563,Perungudi,12.962094,80.244851,15253104,976,4,4,5,Yes,Independent House,1,1.374887151484332,-1.450891210306834
564,Medavakkam,12.928184,80.191212,29913715,1993,5,4,10,No,Villa,3,1.7430177401950464,0.4297139568206117
565,Mylapore,13.042123,80.264782,47238840,2856,3,3,17,Yes,Villa,3,-0.013827839267129629,2.24111499537378
566,Chromepet,12.941926,80.138902,11218000,550,4,4,23,Yes,Villa,1,1.250524471047596,-1.9651398232803379
567,Anna Salai,13.06583,80.258467,14591900,1780,3,2,7,Yes,Villa,2,-0.3994882286729186,-0.827287545756279
568,Pallikaranai,12.929768,80.211042,10445352,936,3,3,1,No,Villa,1,0.31625125429077494,-1.8636619197398254
569,Sholinganallur,12.898996,80.236258,27137254,1599,2,2,25,No,Apartment,2,-1.0731859996900044,-0.13907827980005208
570,Mylapore,13.03999,80.261607,42027440,2526,1,1,5,No,Independent House,0,-2.0880234795721724,1.4192011353704839
571,Perungudi,12.958959,80.248043,37810980,2910,3,2,12,Yes,Apartment,0,-0.5576619093135895,1.6518343715375061
572,T Nagar,13.042288,80.230086,36682881,3017,1,1,0,No,Apartment,0,-2.065286818158167,1.521402621795277
573,Sholinganallur,12.904473,80.237847,21404989,2607,2,2,22,Yes,Apartment,0,-1.1001552126781318,0.43514383259721473
574,Chromepet,12.944244,80.137851,16251075,1459,5,4,13,No,Villa,1,1.7753864681915255,-0.8660739085187771
575,Sholinganallur,12.906477,80.220508,23441750,1625,1,2,2,No,Independent House,2,-1.3687362980666744,-0.5153261417444187
576,Velachery,12.989042,80.221685,45550416,2548,4,4,12,Yes,Independent House,3,1.1581162654662316,1.8780859177708373
577,Tambaram,12.923371,80.096966,32336336,2311,1,1,10,Yes,Apartment,0,-2.100775784187182,0.6724419397740586
578,Porur,13.040664,80.155309,27112510,1798,3,2,5,No,Independent House,2,-0.40587596240285734,-0.07358097687207149
579,Anna Salai,13.055261,80.25202,17425333,2081,2,2,4,Yes,Apartment,2,-0.9007894946340121,-0.4177226049254333
580,Velachery,12.978524,80.217838,29613588,1956,3,2,22,Yes,Villa,0,-0.5703899497520848,0.341022386874433
581,Mylapore,13.036061,80.279546,23139592,1384,5,4,17,No,Independent House,1,1.732273862864473,-0.49521632091093937
582,Mylapore,13.024802,80.263714,29253230,2937,1,2,21,Yes,Villa,0,-1.6300992925775535,1.186238426285101
583,Mylapore,13.036807,80.27296,12752489,767,5,4,14,Yes,Apartment,1,1.8168325778145324,-1.713356546236173
584,Anna Salai,13.060571,80.253794,9812836,628,3,2,9,No,Apartment,2,-0.3353582966763558,-2.172804378422557
585,Anna Salai,13.060413,80.24876,32222710,2995,3,4,17,Yes,Apartment,3,0.6065447254650087,1.5098403071007247
586,Anna Salai,13.058268,80.24274,23987201,1563,1,1,16,No,Villa,2,-2.091009552752463,-0.483282508465385
587,Porur,13.044438,80.159016,37324090,3110,3,3,9,Yes,Independent House,3,0.058744690049122215,1.8278400068547225
588,Anna Salai,13.068344,80.252739,37566977,2823,4,3,8,Yes,Apartment,3,0.5888122353968532,1.5881296334174104
589,Anna Nagar,13.093195,80.206686,29374562,2259,4,4,7,Yes,Villa,3,1.2500997114248202,0.6044570228966617
590,Medavakkam,12.926671,80.200573,14473254,1117,2,2,18,Yes,Apartment,2,-0.9577475204108385,-1.3956778594216694
591,Anna Salai,13.061547,80.258572,10278984,1144,2,3,20,Yes,Villa,2,-0.3676928280183131,-1.5685204371306793
592,Anna Nagar,13.094224,80.206167,16795318,1146,2,2,23,Yes,Villa,2,-1.007926094280692,-1.194877037717498
593,Mylapore,13.038849,80.27194,11298851,1319,3,3,3,Yes,Apartment,1,0.27277190952519964,-1.4420000920834013
594,OMR,12.907185,80.233763,24721584,2992,5,4,7,Yes,Independent House,3,1.7156318526027001,1.027942827623923
595,Chromepet,12.94435,80.140065,31721803,2081,2,3,5,No,Villa,0,-0.33400093251091234,0.48613201654090044
596,Adyar,13.016465,80.262656,31788345,1655,4,3,13,Yes,Independent House,3,0.6293260032350376,0.18851147363759455
597,Anna Nagar,13.083551,80.215624,34979311,3077,2,3,15,No,Villa,0,-0.4912899027479719,1.678080737845784
598,Sholinganallur,12.900032,80.23444,21023724,2164,4,4,19,Yes,Independent House,3,1.1655558928520109,0.09819264831651724
599,Adyar,13.015952,80.251297,13305720,710,2,3,17,No,Independent House,2,-0.3192532926853196,-1.8119177721676238
600,Chromepet,12.953863,80.137291,22347383,1721,4,4,14,Yes,Villa,1,1.2353171874914373,-0.2695299140434683
601,Medavakkam,12.915163,80.198175,49585592,3196,2,3,14,Yes,Independent House,0,-0.5167120369286411,2.6578152120660774
602,Anna Salai,13.053978,80.251406,18501280,2160,5,4,13,No,Villa,1,1.7268323849272305,-0.07835466905644028
603,Mylapore,13.041743,80.27563,17198294,919,2,3,8,No,Independent House,2,-0.2602454936473733,-1.446087268403895
604,Mylapore,13.025306,80.273846,13666082,1017,1,1,22,No,Independent House,2,-2.090445134179904,-1.5691439952387916
605,Mylapore,13.041845,80.27101,23087699,2101,5,4,17,No,Apartment,3,1.6869131595821372,0.16936289508374944
606,Perungudi,12.95819,80.247073,14757674,1142,2,2,5,Yes,Villa,2,-0.8452031114888833,-1.445194181845199
607,Chromepet,12.956908,80.136444,19233200,1031,3,3,4,Yes,Apartment,1,0.2677087900336034,-1.227518402056861
608,Chromepet,12.954789,80.145275,52606880,3040,4,3,15,Yes,Apartment,3,0.4858312962126965,2.7404188700488907
609,Chromepet,12.952751,80.152705,27348048,1552,1,1,17,No,Independent House,2,-2.1052742461306417,-0.28508938589611876
610,Adyar,13.013777,80.26084,8270275,775,2,2,20,No,Apartment,2,-0.9423664451018594,-2.072281168997215
611,Pallikaranai,12.946875,80.206927,28861886,1906,5,4,2,Yes,Apartment,3,1.8210091263791541,0.23033343643247955
612,OMR,12.91537,80.226456,23087875,2415,5,4,23,No,Apartment,3,1.6140912124528972,0.503249168183535
613,Anna Salai,13.053091,80.253492,35839900,2300,4,3,17,Yes,Villa,3,0.5457529988281224,1.059742107381287
614,OMR,12.902186,80.234595,22957194,2698,3,4,6,Yes,Independent House,3,0.7393197751185313,0.6016531496023424
615,Perungudi,12.968956,80.236893,45463725,2531,5,4,23,No,Villa,3,1.5658390338897257,1.9529848322945424
616,Sholinganallur,12.900955,80.23406,21257512,1081,5,4,19,No,Independent House,1,1.7372848055166994,-0.8764095704109819
617,Anna Salai,13.059698,80.255535,15354688,1739,5,4,6,Yes,Apartment,1,1.8210079227200506,-0.7074611999427671
618,Mylapore,13.039721,80.263947,37326345,2245,2,3,1,No,Villa,0,-0.3193652177540599,0.9472695156403865
619,Perungudi,12.962134,80.238178,19975048,1592,2,2,25,Yes,Villa,2,-1.0596512811999168,-0.5750610567054091
620,Adyar,13.00331,80.254259,20326744,1948,1,1,12,Yes,Apartment,2,-2.0734501607220834,-0.37189652510492716
621,Perungudi,12.964544,80.249541,8633775,695,4,4,20,Yes,Villa,1,1.2725128265513082,-2.0058034042434914
622,Medavakkam,12.924199,80.196164,28224480,2245,3,4,23,Yes,Independent House,3,0.6084852513315968,0.6131447858349284
623,Medavakkam,12.932292,80.188209,13841852,1403,5,4,18,No,Villa,1,1.7392443819563768,-1.02812757243772
624,Adyar,13.004491,80.259404,54232068,3116,3,4,17,Yes,Independent House,3,0.5586454295056976,2.942256316824497
625,Pallikaranai,12.944541,80.211132,11782097,679,3,3,8,No,Apartment,1,0.2683667941007428,-1.9744513810600424
626,Pallikaranai,12.942699,80.219256,36953700,2700,3,3,9,Yes,Apartment,3,0.08541439636879951,1.4238267802719975
627,Anna Salai,13.054204,80.258073,25471928,2622,1,2,0,No,Independent House,0,-1.4180153557524797,0.5210200391652784
628,Mylapore,13.027704,80.260431,19838860,1890,5,4,4,Yes,Independent House,1,1.8208772505609732,-0.3117865994889073
629,T Nagar,13.049238,80.230366,11972576,566,5,4,9,Yes,Independent House,1,1.8750966989666353,-1.9818573589014585
630,Anna Salai,13.06557,80.252377,44651084,2682,1,1,24,No,Apartment,0,-2.270273033532135,1.853114733561543
631,Tambaram,12.930356,80.103422,17861064,1338,3,3,9,No,Independent House,1,0.20665807436646177,-0.9893497240074638
632,OMR,12.910281,80.224132,28000560,1670,2,2,3,Yes,Independent House,2,-0.8852434084187061,-0.17325154988636507
633,Porur,13.031625,80.152728,20778260,1660,5,4,4,No,Independent House,1,1.833741512542218,-0.46964033543506595
634,Anna Salai,13.052519,80.240676,7424282,757,3,4,4,Yes,Villa,1,0.9084021805232128,-2.151077842784816
635,T Nagar,13.038049,80.240049,40362566,2991,4,4,18,No,Independent House,3,1.0865986954705562,2.0210133719481287
636,Mylapore,13.025545,80.265908,38549104,2457,5,4,18,Yes,Apartment,3,1.627264652801037,1.434897271365971
637,Perungudi,12.970257,80.239542,18829273,1499,4,4,7,Yes,Independent House,1,1.3175558024783742,-0.7355991371428207
638,Mylapore,13.025858,80.269273,37077522,2406,3,3,15,Yes,Apartment,3,0.05091174548920064,1.1989402399443818
639,Pallikaranai,12.935114,80.217985,18172222,1977,2,2,19,Yes,Independent House,2,-1.0278488942831299,-0.3661100916505258
640,Anna Nagar,13.083269,80.212517,31298225,1787,3,2,17,No,Villa,0,-0.5186591847051222,0.2501016040305452
641,Medavakkam,12.921523,80.202204,36399204,2122,2,3,2,No,Apartment,0,-0.3186919614051602,0.78404632343559
642,Sholinganallur,12.907735,80.220186,22140006,1258,3,3,21,Yes,Independent House,1,0.09807883726562798,-0.7243317821825724
643,Sholinganallur,12.910118,80.219292,36005858,2823,4,4,3,No,Apartment,3,1.237499999195868,1.499652726324744
644,Anna Nagar,13.091341,80.217845,22478415,1891,5,4,15,Yes,Apartment,1,1.7189784752670514,-0.07655264205694931
645,Anna Salai,13.061959,80.243513,20335685,1161,1,1,14,No,Villa,2,-2.0412115066497742,-1.0904139287184105
646,Perungudi,12.971806,80.243355,37966400,2885,3,3,25,No,Villa,3,-0.06927170976159264,1.767414704834537
647,Sholinganallur,12.910358,80.217917,19643424,1072,5,4,9,Yes,Villa,1,1.8289972588515084,-1.050692073358552
648,Medavakkam,12.920785,80.188963,29920645,1705,3,2,0,Yes,Villa,0,-0.36101686683704787,-0.026360580201900453
649,T Nagar,13.041297,80.227465,24949212,2332,4,4,17,Yes,Independent House,3,1.1653686257043396,0.476198013158822
650,T Nagar,13.033235,80.224014,9991390,1181,3,4,9,Yes,Apartment,1,0.8327339582846128,-1.5677482889075107
651,Mylapore,13.040803,80.277572,17277178,1106,4,4,2,Yes,Independent House,1,1.3894035009336023,-1.2291978330316926
652,Mylapore,13.034641,80.268701,45766696,3102,5,4,5,No,Independent House,3,1.6878306887885306,2.3784733480684883
653,Porur,13.045136,80.151235,35703529,2289,2,2,19,Yes,Independent House,0,-1.0796720972042666,0.9756551833260583
654,Medavakkam,12.924263,80.196698,22736940,2787,3,4,18,No,Apartment,3,0.6282500105072372,0.7542654208720427
655,Anna Nagar,13.076565,80.217898,16066313,877,5,4,4,No,Villa,1,1.8919936627603395,-1.4813326561454685
656,Anna Nagar,13.085784,80.211693,55457806,3133,2,3,23,Yes,Independent House,0,-0.6028236673277428,3.013465718783693
657,Sholinganallur,12.901253,80.227285,40074558,2741,1,1,24,Yes,Villa,0,-2.2656485636129484,1.633637020739465
658,Mylapore,13.024307,80.278157,20939280,1995,3,4,25,No,Villa,1,0.6200118774849708,-0.04267823652472808
659,Mylapore,13.035057,80.272826,9325770,801,3,3,20,No,Independent House,1,0.15929198355701993,-1.9251892205721532
660,OMR,12.901537,80.235675,28847892,1724,5,4,15,Yes,Apartment,3,1.717923745913663,0.14986231445198916
661,OMR,12.912076,80.238203,15802879,1677,2,2,8,Yes,Independent House,2,-0.9074883445397736,-0.8635787761185147
662,Mylapore,13.033298,80.275687,23433616,2064,2,3,25,Yes,Villa,2,-0.49415756522634835,0.11155346455535586
663,Pallikaranai,12.942407,80.208459,12819675,895,1,1,4,Yes,Villa,2,-1.922418641057742,-1.8579164902621361
664,Chromepet,12.946888,80.152591,52094152,2916,2,2,23,No,Apartment,0,-1.1846570658665208,2.5700057575938065
665,Adyar,13.001373,80.26117,35325492,2183,2,3,15,No,Villa,0,-0.43524584820483714,0.8663203334411841
666,T Nagar,13.050344,80.232676,15420264,1144,4,4,16,No,Apartment,1,1.2669200950733928,-1.2083932123386343
667,Perungudi,12.970361,80.248867,17617896,948,3,2,17,No,Villa,2,-0.4404645763408125,-1.3515066206031856
668,Porur,13.042886,80.158274,11934872,952,3,3,8,No,Villa,1,0.25078021075598705,-1.7110652140835503
669,Tambaram,12.931534,80.090239,11679468,1286,5,4,10,Yes,Independent House,1,1.8211675248628665,-1.3220366647988557
670,Anna Nagar,13.080038,80.200781,30159016,2376,5,4,11,Yes,Independent House,3,1.7094692161698637,0.8079950175008556
671,Sholinganallur,12.893436,80.237056,52565282,2983,1,1,21,Yes,Independent House,0,-2.2773634017849296,2.587235077991447
672,Anna Nagar,13.080067,80.209439,23427602,2089,5,4,21,Yes,Apartment,3,1.6517759806963044,0.2062162471471895
673,Anna Salai,13.065798,80.246068,30670034,1682,1,2,24,No,Independent House,0,-1.5795833384567253,0.12323679685175448
674,Velachery,12.974265,80.227456,6927120,805,1,1,12,No,Villa,2,-1.9764959724834503,-2.2397664323045876
675,Velachery,12.978941,80.214077,47062300,2564,4,3,6,No,Apartment,3,0.6055149938799282,1.9024819600161287
676,Guindy,13.002466,80.211958,36448552,3064,4,4,20,Yes,Villa,3,1.0714863461693624,1.8681220921578876
677,Sholinganallur,12.891017,80.218657,12449366,626,3,4,15,Yes,Independent House,1,0.8105115680474397,-1.8957236348664255
678,T Nagar,13.041363,80.231778,30074100,1900,3,3,12,Yes,Independent House,3,0.1222487822741872,0.2870605418818862
679,Mylapore,13.034306,80.279532,9672959,563,1,1,12,No,Apartment,2,-1.9661727220918677,-2.3004762111464245
680,Porur,13.045267,80.153301,13728984,776,3,4,20,Yes,Villa,1,0.7545673359640931,-1.6447518880433412
681,Pallikaranai,12.93082,80.217618,26616325,1381,4,4,5,Yes,Villa,1,1.3284419473940914,-0.39237588365518544
682,Anna Salai,13.053199,80.243462,26184368,2542,1,1,2,No,Independent House,0,-2.033622666522834,0.4633747209602269
683,Mylapore,13.029755,80.270379,47282173,2553,5,4,12,Yes,Independent House,3,1.6581314303518109,2.006482384783516
684,Pallikaranai,12.93511,80.207934,7398401,701,4,3,10,Yes,Villa,1,0.7608435813992528,-2.1830989002449703
685,Perungudi,12.966709,80.241478,23388188,2747,5,4,4,Yes,Apartment,3,1.760058744655828,0.6991030254107644
686,Adyar,13.009353,80.265593,17165168,1544,4,3,22,Yes,Apartment,1,0.583718498287031,-0.7294930162145093
687,Pallikaranai,12.936943,80.219684,27580110,3053,1,2,5,Yes,Apartment,0,-1.4932885400551166,1.0833498168200033
688,Tambaram,12.934417,80.101519,21106805,2295,1,1,10,No,Villa,0,-2.0792363166055923,-0.015809096301683926
689,Velachery,12.971515,80.214025,7413760,736,3,3,18,Yes,Villa,1,0.18454585097287315,-2.1141914020123833
690,T Nagar,13.032614,80.225699,47562560,2816,2,2,5,No,Apartment,0,-1.0112895945104663,2.080747178785225
691,Pallikaranai,12.927144,80.222223,10996384,1196,5,4,0,No,Apartment,1,1.9163134533201345,-1.515923298986686
692,Mylapore,13.027723,80.272497,22964066,2254,5,4,22,No,Independent House,3,1.6333435717120215,0.33898581103624204
693,Medavakkam,12.927244,80.194841,17212021,1529,4,4,5,Yes,Independent House,1,1.3362482147838206,-0.8184601656096288
694,Anna Nagar,13.094732,80.219636,21715125,2265,3,3,0,Yes,Apartment,3,0.22021731755391127,0.04279352327378691
695,Sholinganallur,12.894874,80.233832,20786919,2451,3,3,24,Yes,Villa,3,-0.0015379816974132449,0.3262242754595958
696,Perungudi,12.959284,80.235892,24342680,1272,4,4,5,Yes,Apartment,1,1.339507929678398,-0.6302133582301461
697,OMR,12.903161,80.220581,8683487,727,3,4,3,Yes,Independent House,1,0.9168217044360673,-2.1104212088643832
698,Medavakkam,12.919419,80.186575,25461474,1513,1,1,23,No,Independent House,2,-2.15226853501969,-0.39306113459221353
699,Perungudi,12.966755,80.249098,12394884,1001,3,3,10,Yes,Apartment,1,0.229194626806598,-1.6240282002112525
700,T Nagar,13.034699,80.242258,36055539,2479,2,1,18,No,Apartment,0,-1.6852802697395186,1.1270942817348093
701,Chromepet,12.95424,80.155711,22166299,2079,2,3,4,No,Independent House,2,-0.3075896066428865,-0.0956145431455353
702,Tambaram,12.917122,80.099311,7789716,681,3,3,22,Yes,Villa,1,0.15206884031725676,-2.115219046526964
703,T Nagar,13.049912,80.235262,25677550,1450,2,2,9,Yes,Independent House,2,-0.9199651555113858,-0.4759454797500122
704,Medavakkam,12.92237,80.191855,38323312,2236,2,1,16,No,Apartment,0,-1.6563814861755404,1.0229638942696393
705,Adyar,13.014536,80.259335,18656295,1565,4,4,10,No,Independent House,1,1.2872302702995524,-0.6637752761181686
706,Velachery,12.969772,80.221822,37005121,2261,5,4,1,Yes,Villa,3,1.792438361451372,1.0422970860274614
707,Chromepet,12.955463,80.144332,19069334,2578,1,2,7,Yes,Independent House,0,-1.4652575353393027,0.1445117068463193
708,Tambaram,12.928281,80.093236,27168460,1761,2,2,7,Yes,Apartment,2,-0.9247683001880539,-0.11075795501326187
709,Chromepet,12.945299,80.153631,35415733,2413,5,4,14,Yes,Independent House,3,1.6710579024601835,1.1783916409226844
710,Perungudi,12.962618,80.237632,40844026,3119,4,3,2,No,Independent House,3,0.6169720468634294,2.018803548044716
711,Guindy,13.010695,80.2287,8458138,881,3,3,19,No,Independent House,1,0.16462524349246832,-1.9096280312070466
712,Porur,13.035511,80.150005,16742942,2118,1,1,11,No,Independent House,2,-2.0688580560985415,-0.43539326373046705
713,Medavakkam,12.925881,80.197348,10387760,1116,1,1,10,Yes,Independent House,2,-1.9848993512362485,-1.7564688624495144
714,Guindy,13.014005,80.216043,24963250,1473,5,4,10,No,Villa,1,1.7850324734332461,-0.35136741053300913
715,Anna Nagar,13.088566,80.210757,39260742,2403,3,3,15,Yes,Villa,3,0.04711148915038647,1.3270580055323675
716,OMR,12.907814,80.223576,8800034,818,4,4,6,No,Apartment,1,1.3878794833604169,-1.9780562271505344
717,Anna Nagar,13.0925,80.210514,16401200,1680,1,1,3,Yes,Villa,2,-1.9699122534240483,-0.919056365238517
718,Perungudi,12.960403,80.246454,29106080,2256,1,1,21,Yes,Villa,0,-2.1883956089737837,0.5035582299000554
719,Adyar,13.003418,80.259074,15672534,807,3,3,0,Yes,Independent House,1,0.32369447688247943,-1.6772668674190805
720,Perungudi,12.963345,80.249666,37206360,2980,3,4,21,No,Villa,3,0.5631099869802003,1.8223509123899748
721,OMR,12.902967,80.225688,12491450,1478,2,2,15,No,Villa,2,-0.9505539811285252,-1.1990733759874348
722,Velachery,12.984989,80.214425,51628414,2742,5,4,9,Yes,Apartment,3,1.6646629532078725,2.4223613134847026
723,Anna Nagar,13.07869,80.21135,38401568,2903,1,1,4,No,Villa,0,-2.0964776313043276,1.5459460768342526
724,Adyar,13.007373,80.24993,12660765,1155,3,3,11,No,Independent House,1,0.21012636917274913,-1.457764442510086
725,Adyar,13.016103,80.258423,10095150,1145,4,4,14,No,Apartment,1,1.2942281743124815,-1.5405927502786458
726,Medavakkam,12.919674,80.184846,36979313,2491,3,3,9,Yes,Independent House,3,0.09861752623837029,1.230735839349861
727,Chromepet,12.95395,80.140607,38605480,2806,1,1,3,No,Apartment,0,-2.081881673465178,1.460932334092843
728,Porur,13.032643,80.165213,12609375,775,1,1,19,Yes,Independent House,2,-2.0467141594797766,-1.8785991322616227
729,OMR,12.919517,80.227888,8520452,892,2,1,17,No,Independent House,2,-1.5255221815149194,-2.0087512407879586
730,Chromepet,12.948993,80.143657,29904168,2028,3,2,12,Yes,Independent House,0,-0.48729395751401966,0.3563781558162291
731,OMR,12.914831,80.228312,27357458,1811,3,3,14,Yes,Apartment,3,0.1152181919355647,0.055107726346636764
732,Chromepet,12.953559,80.139073,39493320,2286,3,3,23,No,Apartment,3,-0.01644952554891961,1.287343522847961
733,OMR,12.908189,80.238288,7828560,820,4,4,18,No,Apartment,1,1.2836983112792244,-1.9515059088135729
734,T Nagar,13.048446,80.229489,29895172,2876,2,3,24,Yes,Apartment,0,-0.5486269574403678,1.2482507794357436
735,Chromepet,12.94609,80.152024,43505571,2947,1,1,9,No,Independent House,0,-2.1526919319959767,1.9275274990595228
736,Velachery,12.982418,80.216954,57700176,3173,3,3,20,No,Apartment,3,-0.07950317630882792,3.184337863405988
737,Velachery,12.981078,80.218435,7389938,666,4,4,3,No,Villa,1,1.4265506577208256,-2.224890904509503
738,Chromepet,12.949064,80.150859,16888154,1606,5,4,20,No,Independent House,1,1.703168510358863,-0.6426008070641687
739,Adyar,13.014266,80.25021,44169396,2932,3,3,1,Yes,Villa,3,0.1280709616334774,2.0172500890586202
740,Velachery,12.974933,80.223979,24338721,2029,1,1,13,No,Apartment,0,-2.0947374884061642,-0.048986959188783236
741,Anna Nagar,13.085874,80.217549,32902036,3122,5,4,5,Yes,Independent House,3,1.710076526120002,1.625700024945754
742,Pallikaranai,12.929739,80.209328,16167174,2034,3,3,3,No,Apartment,1,0.21854492513284923,-0.48425460648619917
743,Guindy,13.010468,80.227131,20520676,1943,4,4,5,Yes,Apartment,1,1.3039544175449405,-0.23453614578363904
744,Guindy,13.018868,80.22009,23169850,2259,5,4,14,Yes,Apartment,3,1.7032038057917505,0.3006880047496065
745,OMR,12.900575,80.236291,29798760,2360,3,3,19,No,Apartment,3,0.031855307309231855,0.7472971966323851
746,Tambaram,12.934522,80.098496,14498574,1478,2,2,9,Yes,Apartment,2,-0.9013075534383255,-1.120191053685716
747,Guindy,13.004327,80.211156,5325392,627,1,1,24,No,Villa,2,-2.068113742873252,-2.41862888925766
748,Perungudi,12.958033,80.231905,22478035,2471,5,4,3,No,Apartment,3,1.7880390076307293,0.38059719180060014
749,Anna Nagar,13.075585,80.203011,38215604,2956,1,1,6,Yes,Independent House,0,-2.117136100380622,1.5979736328367475
750,Mylapore,13.024967,80.276092,34053264,1992,3,3,5,Yes,Independent House,3,0.1708774104220507,0.5629527867292186
751,Guindy,13.019872,80.212474,9931380,1334,1,1,9,Yes,Independent House,2,-1.9890665370727265,-1.5877384155269616
752,Tambaram,12.918517,80.097096,20462658,2051,5,4,22,Yes,Villa,1,1.6507851600872878,-4.439655784805563e-05
753,T Nagar,13.034272,80.225906,34267744,2656,4,4,7,No,Apartment,3,1.215987493347309,1.2675624465066542
754,Velachery,12.978974,80.218896,23408750,1730,4,4,17,Yes,Apartment,1,1.2063491649086437,-0.1767715979913941
755,Chromepet,12.945376,80.137592,35678048,2368,5,4,7,No,Villa,3,1.7351654852386538,1.1038338120351634
756,Pallikaranai,12.934927,80.214153,13200332,1284,4,4,0,No,Independent House,1,1.4032087751413047,-1.3217205822726472
757,Perungudi,12.971551,80.246529,19459475,1137,1,1,12,No,Independent House,2,-2.020450125741724,-1.1791265252652288
758,Anna Salai,13.067281,80.247686,35147133,2039,2,1,6,No,Apartment,0,-1.5498952627343996,0.5799434596786985
759,Tambaram,12.922022,80.103334,24911330,1690,4,4,24,No,Independent House,1,1.1444044750076563,-0.07554057879331348
760,T Nagar,13.036814,80.233645,12378153,1153,4,4,24,No,Apartment,1,1.201356488052404,-1.3271316228158094
761,Perungudi,12.965562,80.251141,15509077,957,2,1,23,Yes,Apartment,2,-1.595331660006275,-1.487695607169602
762,T Nagar,13.046832,80.239051,23451425,1175,5,4,9,Yes,Apartment,1,1.8155071917874388,-0.7264380626063653
763,Guindy,13.005633,80.217372,28753040,1752,4,4,21,No,Villa,3,1.159909571656129,0.19181935888642188
764,Pallikaranai,12.933291,80.211227,12259946,679,5,4,13,Yes,Villa,1,1.8321309307327958,-1.831750454075377
765,Chromepet,12.95143,80.13889,12843786,1274,1,1,17,No,Independent House,2,-2.061139310434922,-1.4136835361517177
766,Mylapore,13.037307,80.271144,18040854,998,4,4,18,No,Independent House,1,1.2537478374954403,-1.1733919819962542
767,Chromepet,12.953421,80.143756,42150625,2625,5,4,1,No,Villa,3,1.759957050692752,1.6898018403054837
768,Perungudi,12.954564,80.239028,15910018,1862,3,3,1,Yes,Independent House,1,0.24755754725251167,-0.6736689647879882
769,Guindy,13.007303,80.217647,46083540,3110,5,4,10,No,Apartment,3,1.6426485510922593,2.439480254508452
770,Porur,13.046408,80.14781,13623524,1564,1,1,7,No,Independent House,2,-1.9927579082462046,-1.1659887847235069
771,OMR,12.913155,80.228449,18615995,1245,1,1,0,No,Apartment,2,-1.9199252713023314,-1.2120709863539
772,Medavakkam,12.932615,80.190155,6661412,633,4,4,22,No,Independent House,1,1.262410142214588,-2.1679841784862663
773,T Nagar,13.041855,80.238998,40101900,2550,3,2,3,Yes,Villa,0,-0.45965382207640615,1.3917565767810371
774,Porur,13.045147,80.162243,36483618,2038,2,2,13,Yes,Villa,0,-1.012270305726598,0.747222990977371
775,Pallikaranai,12.935041,80.208218,30815892,1727,5,4,8,Yes,Villa,3,1.7758706613909692,0.22228068685766855
776,Mylapore,13.039624,80.269205,48916720,2974,1,1,10,No,Apartment,0,-2.1731132082552005,2.2840486537718383
777,Tambaram,12.925699,80.094002,33415820,1786,3,2,16,No,Villa,0,-0.5136471183807823,0.369235123504458
778,T Nagar,13.049054,80.235237,44655944,2792,3,4,5,Yes,Independent House,3,0.7025190860602588,1.983389479149829
779,Tambaram,12.916098,80.094013,56601416,3162,4,4,17,No,Independent House,3,1.0548959465269536,3.147064739331369
780,Chromepet,12.947973,80.152804,16998686,1166,2,2,23,No,Villa,2,-1.0095657436471035,-1.1640580021476683
781,Anna Nagar,13.079723,80.20487,28684550,1643,2,3,9,Yes,Villa,2,-0.3359583469846008,-0.0762208885674034
782,Velachery,12.980297,80.219923,24250360,1555,2,1,25,No,Villa,2,-1.6668584685248555,-0.3928479579259759
783,Perungudi,12.967793,80.237255,14002066,1202,1,1,8,Yes,Apartment,2,-1.9793193030532916,-1.473483504764075
784,Medavakkam,12.919178,80.18856,22272500,2540,2,1,25,Yes,Apartment,0,-1.7256892867427693,0.4058145991611061
785,Anna Nagar,13.086419,80.210105,10117527,919,4,4,12,Yes,Apartment,1,1.3261533021836158,-1.7635319358444512
786,Anna Nagar,13.090464,80.206368,25754749,2583,5,4,2,Yes,Independent House,3,1.783768613095197,0.6744632724399826
787,Pallikaranai,12.930503,80.223098,15765000,1516,5,4,13,Yes,Apartment,1,1.7726612852838524,-0.8421401818864351
788,Chromepet,12.955592,80.138459,40943996,2964,4,4,1,No,Independent House,3,1.237173545487466,1.9132360031472
789,Medavakkam,12.927213,80.199027,25051374,1559,4,4,8,Yes,Villa,1,1.2935601874212934,-0.2997206864983721
790,Adyar,13.004394,80.260279,14910515,773,5,4,22,Yes,Villa,1,1.7419544524044708,-1.5230751370427038
791,Mylapore,13.041796,80.26756,21030720,2740,3,2,7,No,Villa,0,-0.47211796880665213,0.4527799426918585
792,Anna Salai,13.067588,80.242805,11099874,919,3,3,24,Yes,Villa,1,0.11329180758980172,-1.6812778026207813
793,Chromepet,12.956339,80.15473,11625984,688,3,4,8,Yes,Villa,1,0.8698201020584129,-1.935741178497121
794,Porur,13.035237,80.158542,11752922,1206,4,3,22,No,Independent House,1,0.6150390363773948,-1.3687803608954867
795,Pallikaranai,12.939832,80.216303,44624248,2406,5,4,22,Yes,Apartment,3,1.5841171900162188,1.7793324196571407
796,Guindy,13.002045,80.213656,37006894,2191,2,1,6,No,Villa,0,-1.5629308211163877,0.8330062183954061
797,Medavakkam,12.918114,80.196349,18069446,1858,2,3,14,No,Independent House,2,-0.37428243442576586,-0.4779572197238177
798,Pallikaranai,12.93487,80.211246,15102740,1363,3,3,2,No,Villa,1,0.2718489416353503,-1.1798467908136256
799,Pallikaranai,12.930965,80.217725,11741184,634,5,4,0,Yes,Apartment,1,1.9505811606078307,-1.9946136188219183
800,Velachery,12.988261,80.214602,26562179,3081,1,2,13,No,Apartment,0,-1.5637564442376364,1.1036797546144577
801,Sholinganallur,12.89337,80.232171,41304488,2703,1,1,13,No,Independent House,0,-2.168476673521413,1.5959718182493514
802,Tambaram,12.926902,80.109904,28230990,2574,3,3,12,Yes,Villa,3,0.08288809568875624,0.8041909818854586
803,OMR,12.919523,80.22471,16139152,1288,2,3,13,Yes,Apartment,2,-0.3257988992808743,-1.1314145015598354
804,Chromepet,12.950978,80.153629,22055353,2937,2,2,21,No,Apartment,0,-1.1134457325058846,0.7745350732973519
805,Mylapore,13.028725,80.261606,37582080,2120,4,4,22,No,Independent House,3,1.1116228098820031,1.0708349208007952
806,Adyar,13.016044,80.259465,27682890,1511,1,1,15,No,Independent House,2,-2.0856486557405276,-0.317015094201961
807,Mylapore,13.037025,80.262345,21884008,1588,1,1,16,No,Villa,2,-2.088750299236172,-0.5861146230322895
808,Anna Salai,13.060257,80.246384,47145531,2927,5,4,5,No,Apartment,3,1.6964049324656225,2.298186826760502
809,Chromepet,12.943937,80.137083,21830834,1849,2,1,22,No,Apartment,2,-1.6546172795448622,-0.2848827155797901
810,Velachery,12.985692,80.229734,36527092,2026,4,4,13,No,Villa,3,1.1988829163789474,0.8578347185807806
811,Medavakkam,12.929961,80.195748,21227400,1225,3,4,10,No,Apartment,1,0.8005883679912869,-0.8461226962754325
812,Guindy,13.001117,80.215704,15230000,1323,4,3,4,Yes,Apartment,1,0.7600112971771675,-1.1757420275400319
813,Mylapore,13.043376,80.270917,15162025,1025,4,4,15,Yes,Villa,1,1.2837554945292693,-1.3416057377896276
814,Chromepet,12.958963,80.139813,13949572,1156,4,3,3,No,Apartment,1,0.7817580832764026,-1.4149465872165599
815,Velachery,12.97962,80.222616,22690419,2857,5,4,21,Yes,Independent House,3,1.6044345969885387,0.8771963780581736
816,T Nagar,13.037486,80.243327,19730750,2590,1,1,21,Yes,Villa,0,-2.1924341166096464,0.2524198088130892
817,Anna Nagar,13.076621,80.216714,24179864,2968,4,4,3,No,Apartment,3,1.2499227749300197,0.9255640369366973
818,Perungudi,12.965123,80.250718,26103314,3123,4,4,8,Yes,Villa,3,1.192484774948824,1.2197977386408845
819,Porur,13.043076,80.157443,13691235,1415,5,4,1,No,Villa,1,1.8886847754620182,-1.1434824378538821
820,Sholinganallur,12.892784,80.234947,31546905,2183,4,3,8,Yes,Apartment,3,0.6403895992630636,0.6311644735171472
821,Velachery,12.978917,80.219847,22416847,1717,4,4,20,Yes,Apartment,1,1.1825288002173853,-0.22761962653739634
822,Guindy,13.004397,80.219409,32605980,2020,3,3,21,Yes,Villa,3,0.030640922891851,0.6128309047916544
823,T Nagar,13.04802,80.235977,41761232,2856,4,4,19,No,Apartment,3,1.0837816495292143,1.9860767695501114
824,T Nagar,13.044752,80.237973,9631195,715,4,3,16,No,Villa,1,0.7029599581727958,-1.9947077033475482
825,Anna Salai,13.056408,80.259284,27795500,1740,4,3,14,No,Apartment,3,0.6224161456149627,0.03515636747752792
826,Perungudi,12.96302,80.250046,22446452,2692,3,3,13,No,Independent House,3,0.07716096303949793,0.5741319255085723
827,Medavakkam,12.929156,80.189709,37057433,2241,1,2,3,No,Independent House,0,-1.4414944151082327,0.8816534427183682
828,Sholinganallur,12.907858,80.218805,10644760,1016,1,1,23,No,Apartment,2,-2.0936785921898,-1.7443297524673105
829,T Nagar,13.044276,80.229001,43966305,2955,3,3,23,No,Independent House,3,-0.0670376630597807,2.178547019362973
830,Anna Salai,13.059076,80.239958,12434536,1308,2,2,2,No,Independent House,2,-0.8250232998791502,-1.4506465199522198
831,T Nagar,13.049176,80.243016,17587161,1253,1,1,20,No,Villa,2,-2.0949353294719617,-1.1280794655596715
832,Sholinganallur,12.907093,80.219653,43531093,3083,4,4,19,No,Independent House,3,1.0661556437293271,2.303591033921847
833,Velachery,12.978722,80.214103,11011424,1008,1,1,0,Yes,Apartment,2,-1.8910007277141228,-1.8887616601781985
834,Tambaram,12.923338,80.092329,15318030,902,4,4,9,No,Apartment,1,1.344183175833747,-1.4882623505526176
835,Anna Salai,13.055253,80.245497,43067168,2536,2,3,15,Yes,Villa,0,-0.4717750259925909,1.6592546824618308
836,Pallikaranai,12.94659,80.220672,28979858,1917,4,3,0,Yes,Independent House,3,0.7324985102121828,0.1742377030966434
837,Mylapore,13.035421,80.27193,13302410,701,5,4,15,No,Villa,1,1.8111924677364382,-1.7349312998209703
838,Perungudi,12.958317,80.23297,15121514,798,4,4,16,Yes,Villa,1,1.2894014598302583,-1.5485120957780067
839,Anna Salai,13.050816,80.24536,16543116,1028,4,4,15,No,Villa,1,1.2810409727410685,-1.255998306002474
840,Tambaram,12.933335,80.107069,31431264,2344,4,4,7,Yes,Independent House,3,1.2409517780876618,0.8069365561035622
841,Mylapore,13.038292,80.275619,32975190,1751,4,4,23,No,Villa,3,1.134617468503887,0.4578823563849081
842,Guindy,13.002982,80.21449,26438166,1706,2,2,22,Yes,Independent House,2,-1.0522341799521333,-0.1020909121066499
843,Sholinganallur,12.902137,80.237885,25501043,2253,4,3,15,No,Apartment,3,0.5852681492599815,0.38220675559507133
844,Porur,13.036812,80.158851,16527067,1199,3,3,5,Yes,Apartment,1,0.2531851655106379,-1.2264270004340148
845,Anna Nagar,13.090402,80.21124,22236088,2542,5,4,8,No,Villa,3,1.7398842147225644,0.4667649588163287
846,Anna Salai,13.066033,80.251793,7602904,756,2,1,14,No,Apartment,2,-1.4887656266242122,-2.2111518247814366
847,Pallikaranai,12.944417,80.22192,23969618,2627,1,1,3,Yes,Independent House,0,-2.043782491503713,0.4166387355297343
848,Velachery,12.976375,80.227583,47649822,2622,3,4,15,Yes,Apartment,3,0.6196327183326739,2.073717810927564
849,Anna Nagar,13.081826,80.2102,34239520,2252,2,3,24,Yes,Apartment,0,-0.5170078281431842,0.927662388964344
850,Anna Nagar,13.083434,80.204664,36757573,2249,3,3,11,Yes,Apartment,3,0.09672652304937547,1.0059057598820742
851,Guindy,13.003312,80.210699,33722726,2226,4,4,14,No,Apartment,3,1.1825101405333887,0.8828351312770389
852,Guindy,13.009081,80.218365,11193724,897,5,4,10,No,Villa,1,1.8467167388062105,-1.7134110130091007
853,Adyar,13.014416,80.261516,43619282,3137,2,1,22,No,Villa,0,-1.7760969421173052,2.221030655389201
854,Pallikaranai,12.945409,80.217706,34803000,1959,3,3,0,No,Independent House,3,0.21569499562519626,0.5426200299572945
855,Chromepet,12.943286,80.146949,24450160,1964,2,3,25,No,Apartment,2,-0.4896758980101049,0.0793851883540864
856,T Nagar,13.046941,80.226901,18929350,1425,2,2,2,No,Independent House,2,-0.844311827452439,-0.9522471352916129
857,Adyar,13.016439,80.249709,23918188,1538,5,4,24,No,Independent House,1,1.6593534649634916,-0.25673889876157685
858,Adyar,13.011831,80.266327,25764276,3118,3,3,16,No,Apartment,3,0.017632139604638487,1.1905154656319854
859,Chromepet,12.952912,80.154087,41266368,2406,3,2,10,Yes,Independent House,0,-0.5143872434852311,1.375865769628704
860,Perungudi,12.965449,80.245987,35005856,1984,5,4,9,No,Independent House,3,1.7431001642775292,0.7197590287182529
861,Medavakkam,12.91486,80.196833,28326156,1892,2,1,16,Yes,Villa,0,-1.616300357821099,0.10316625652989252
862,Pallikaranai,12.931296,80.205261,15721454,927,4,3,1,No,Apartment,1,0.8106756906264891,-1.5357746671013177
863,Perungudi,12.961977,80.240168,51539507,2959,5,4,17,No,Villa,3,1.5805149895690733,2.6744000961090797
864,Chromepet,12.944188,80.15029,19645283,1217,4,4,4,Yes,Villa,1,1.3603997361766722,-0.9700105175039898
865,Pallikaranai,12.945881,80.211087,16087980,1420,5,4,14,No,Apartment,1,1.7693378794930623,-0.9052597536266159
866,Anna Nagar,13.075806,80.203166,14255744,1001,5,4,3,No,Independent House,1,1.8962609424876617,-1.4813383241687317
867,Porur,13.031043,80.158292,18237280,1792,3,3,9,No,Apartment,1,0.17718825733205523,-0.5440131004449489
868,Adyar,13.007651,80.248851,14402732,1433,3,3,5,No,Apartment,1,0.24223311715076112,-1.1359000814916138
869,Adyar,13.006205,80.261901,40185357,2897,4,4,9,No,Villa,3,1.172254414631616,1.860647042032397
870,Sholinganallur,12.899981,80.235227,47925427,2617,2,2,20,No,Villa,0,-1.131624384050994,2.020866041502045
871,Porur,13.029116,80.159909,34383368,2136,1,2,7,No,Villa,0,-1.4652268136117368,0.6511773173890695
872,Chromepet,12.957523,80.150348,22772644,1228,3,2,22,Yes,Independent House,2,-0.511733287923548,-0.7471124664237334
873,Medavakkam,12.916688,80.192117,21303224,1338,1,1,19,Yes,Independent House,2,-2.0982970421821623,-0.8330120661668129
874,Anna Salai,13.055306,80.253712,28792088,2728,1,1,5,Yes,Villa,0,-2.0766383280861254,0.8136837641694693
875,Anna Salai,13.0513,80.256839,17416608,896,5,4,25,No,Villa,1,1.7031185451925948,-1.2375273056131735
876,Adyar,13.00434,80.249321,17224511,1289,3,4,13,Yes,Independent House,1,0.7773898661694356,-1.0058125445088484
877,Anna Nagar,13.078085,80.219143,17048024,1718,5,4,4,Yes,Villa,1,1.8368825469706807,-0.6393035653994332
878,Perungudi,12.95796,80.233675,25399228,3066,2,1,10,Yes,Apartment,0,-1.6324634857780504,0.9794524993910543
879,Velachery,12.973892,80.22314,18570708,1606,4,4,12,Yes,Apartment,1,1.2671490964819403,-0.6169036009559716
880,Tambaram,12.925962,80.091309,16921915,1021,4,4,8,Yes,Villa,1,1.3425265674614557,-1.288184772559877
881,Adyar,13.009731,80.250011,12071088,626,4,4,8,Yes,Apartment,1,1.3764345761658119,-1.9468880250658498
882,Sholinganallur,12.901809,80.221264,13712588,893,4,4,20,Yes,Apartment,1,1.2506772919127156,-1.5168815480382436
883,Tambaram,12.934122,80.102415,43749676,2823,5,4,14,Yes,Apartment,3,1.6298325692892792,2.059919858967261
884,Perungudi,12.96879,80.239303,9843560,796,2,1,15,No,Independent House,2,-1.5042160968623866,-2.032635562794041
885,Porur,13.036106,80.14896,7233184,736,2,2,5,Yes,Villa,2,-0.8057108681842079,-2.274460615073263
886,Velachery,12.981803,80.230793,31749547,2319,5,4,6,No,Independent House,3,1.754271537434017,0.815728993251894
887,Mylapore,13.032796,80.27169,18270650,1557,4,4,21,No,Villa,1,1.191431468347874,-0.6183210993499318
888,Adyar,13.004963,80.265405,30952249,3043,2,1,15,Yes,Apartment,0,-1.685250902848927,1.325565877295458
889,Mylapore,13.041451,80.276021,22674278,2754,4,4,2,Yes,Independent House,3,1.2750607530910834,0.6290906874054715
890,Chromepet,12.958383,80.152437,21207173,2091,1,1,19,No,Villa,2,-2.1458593214779107,-0.13755644978888762
891,Adyar,13.011563,80.262668,22470143,2067,1,2,6,No,Apartment,2,-1.430258501321741,-0.13433653063916776
892,Perungudi,12.956685,80.241576,11251914,918,3,3,19,No,Independent House,1,0.15717315020016293,-1.7076506263477202
893,Porur,13.047885,80.159269,26724416,2568,1,1,22,Yes,Apartment,0,-2.212641440184661,0.658202529750743
894,Anna Nagar,13.088444,80.212159,21802464,1248,3,4,17,Yes,Independent House,1,0.7363449712417458,-0.7418405099043655
895,Velachery,12.98672,80.225778,9258944,816,1,1,4,No,Independent House,2,-1.9109020540399189,-2.144994075215248
896,OMR,12.917662,80.220039,45192832,2732,2,1,19,No,Independent House,0,-1.7268398108453051,1.917502200923108
897,T Nagar,13.041132,80.230929,36454611,2321,1,1,13,No,Apartment,0,-2.1353945604551705,0.9494315010051311
898,Guindy,13.006725,80.218337,11150668,742,1,1,8,No,Independent House,2,-1.9449450154447983,-2.0728257383742927
899,Porur,13.032138,80.153084,16854030,1474,1,1,22,No,Apartment,2,-2.125244370718903,-0.9524150490370157
900,Anna Nagar,13.093701,80.21691,43911415,2515,1,1,13,Yes,Independent House,0,-2.161322953202412,1.577218861236564
901,Tambaram,12.930782,80.108871,24174364,1526,1,2,10,Yes,Villa,2,-1.434352412386288,-0.5082950743938514
902,Guindy,13.002111,80.211714,11011345,941,5,4,20,No,Independent House,1,1.7560689425360527,-1.6142562644686003
903,Adyar,12.997796,80.259715,13619840,816,4,4,25,Yes,Apartment,1,1.2116325320210504,-1.5595892494525474
904,T Nagar,13.039834,80.236046,10807722,778,1,1,17,Yes,Villa,2,-2.025972987264699,-1.9976604861812945
905,T Nagar,13.044185,80.230492,42306527,2407,2,1,12,No,Villa,0,-1.639226119606545,1.3934010822734493
906,Perungudi,12.952246,80.245966,23663576,2668,1,2,10,Yes,Apartment,0,-1.505818024016679,0.5245397479473142
907,Sholinganallur,12.900628,80.230317,44914520,3160,2,2,16,No,Villa,0,-1.1252689315316735,2.318334810065334
908,Velachery,12.977817,80.230395,13100480,730,2,2,1,Yes,Villa,2,-0.7807779429922842,-1.9558765639399185
909,Guindy,13.006573,80.217358,44694480,2940,3,3,17,Yes,Apartment,3,-0.014502644355273011,2.166771862948301
910,Porur,13.032108,80.150507,10404272,784,1,1,7,Yes,Villa,2,-1.937424267430745,-2.0853816125645848
911,Anna Salai,13.062395,80.246223,29551836,1948,2,1,6,No,Independent House,0,-1.5338991732827,0.15969335502867038
912,Sholinganallur,12.893097,80.235422,32179034,3073,5,4,9,No,Villa,3,1.6792277882718076,1.5643634211423674
913,Anna Salai,13.059731,80.243863,16097856,1448,1,2,0,Yes,Independent House,2,-1.3264536901256394,-1.134335565735955
914,Chromepet,12.941798,80.143358,19492160,1390,3,4,12,Yes,Apartment,1,0.7756611864763584,-0.782696094062363
915,Medavakkam,12.931154,80.189798,29375300,1740,1,1,14,Yes,Independent House,0,-2.094440723545117,-0.009194193129684313
916,Adyar,13.003496,80.25859,17881615,1713,2,2,5,Yes,Villa,2,-0.8871125999060896,-0.7261432070288746
917,Velachery,12.976678,80.226948,12754208,1271,2,1,8,Yes,Apartment,2,-1.477915455353598,-1.4641537429331992
918,Anna Nagar,13.088218,80.218923,25066900,1799,3,3,14,Yes,Villa,1,0.12016559155414014,-0.09341472794534092
919,Guindy,13.004234,80.218064,10757419,817,5,4,3,Yes,Apartment,1,1.9143201358741284,-1.8624528810572696
920,Porur,13.031982,80.157209,53942410,3155,3,4,7,Yes,Independent House,3,0.6448940659922956,2.8920889909426513
921,Guindy,13.019768,80.228217,24940774,1562,2,2,1,No,Apartment,2,-0.8551655932159912,-0.47112014042429046
922,Tambaram,12.929926,80.102901,41482344,3068,1,2,2,Yes,Independent House,0,-1.4931922202911365,1.910196745941319
923,Medavakkam,12.92341,80.192266,36609375,2675,3,4,14,Yes,Villa,3,0.645271366471628,1.4541478425935168
924,Chromepet,12.959498,80.145242,33046280,2930,4,4,12,Yes,Apartment,3,1.1567534788864637,1.4840352614227599
925,Tambaram,12.93361,80.097482,19263725,1803,4,4,13,No,Independent House,1,1.2445740627977737,-0.3849848503989641
926,Medavakkam,12.917504,80.183423,11907440,894,1,1,9,No,Independent House,2,-1.9647837203437923,-1.878989358724714
927,Medavakkam,12.92025,80.192551,33941500,2295,5,4,14,No,Villa,3,1.6812333068688632,0.980107896307326
928,OMR,12.901518,80.23803,24581305,1285,4,3,14,Yes,Villa,1,0.6571365621783842,-0.5812839588760897
929,OMR,12.907205,80.230921,16238576,1682,5,4,7,Yes,Apartment,1,1.8141868224869548,-0.700629381909712
930,Porur,13.04816,80.166468,27594304,1574,2,2,9,No,Apartment,2,-0.9313297723636366,-0.24553967380695568
931,Guindy,13.016063,80.218576,9904536,584,5,4,24,No,Villa,1,1.7454479540955588,-1.9854253028481588
932,T Nagar,13.036339,80.238683,29137624,2483,5,4,20,Yes,Villa,3,1.6251801172922913,0.9085961388557194
933,Chromepet,12.950176,80.155039,25577803,2439,2,3,10,Yes,Villa,0,-0.38956296835135473,0.4856601878298336
934,T Nagar,13.04335,80.226267,23197468,2393,2,3,17,Yes,Villa,0,-0.4440301607574626,0.34847432835732856
935,Mylapore,13.037315,80.267767,28475948,2002,1,2,10,Yes,Villa,0,-1.4723916715229868,0.19290367463311323
936,Guindy,13.018843,80.213574,16688395,1885,5,4,18,Yes,Independent House,1,1.7034842371894108,-0.40858942947138666
937,Porur,13.035929,80.155996,35763027,2111,5,4,6,No,Apartment,3,1.7601223249157378,0.8626919785327077
938,Porur,13.041698,80.150053,30081403,3167,5,4,9,Yes,Apartment,3,1.677102491979261,1.5261195865822466
939,Pallikaranai,12.932676,80.208361,11279198,659,5,4,5,Yes,Apartment,1,1.9057448064880096,-1.964476464811864
940,Perungudi,12.955437,80.248894,19818160,2412,5,4,1,No,Independent House,3,1.8142794269163682,0.15233848468973815
941,T Nagar,13.03958,80.241772,10150378,1003,4,4,4,No,Villa,1,1.391321267482854,-1.7386321932725957
942,Tambaram,12.926402,80.096206,31707838,1818,2,2,13,No,Apartment,0,-0.9895939178622306,0.2559847403918119
943,Tambaram,12.916179,80.097985,26498756,1678,5,4,6,Yes,Apartment,1,1.8045062213577103,-0.09603934025348161
944,Guindy,13.001182,80.212322,48360759,2881,2,2,15,No,Villa,0,-1.1050610062913573,2.258255689447051
945,Perungudi,12.955592,80.244055,21591208,1768,4,4,12,Yes,Villa,1,1.251357993343693,-0.2849276798772828
946,T Nagar,13.036594,80.241111,12037215,1301,4,4,22,Yes,Villa,1,1.2102352484371328,-1.2235766357569173
947,OMR,12.919848,80.231056,13806374,823,5,4,22,Yes,Villa,1,1.7408027365326426,-1.542720827128983
948,Porur,13.031497,80.150647,38139008,2616,1,1,24,No,Villa,0,-2.254186194933371,1.4011729300711362
949,Adyar,13.011619,80.264615,12722870,849,4,3,20,No,Villa,1,0.6535372017878317,-1.6568917043223925
950,T Nagar,13.046774,80.233395,28839632,1576,1,1,3,Yes,Villa,2,-1.986053702859711,-0.2700639585233664
951,Anna Nagar,13.078412,80.200461,23083906,2342,1,1,4,No,Villa,0,-2.0329146661225046,0.10504071089245945
952,Anna Nagar,13.088428,80.200324,9750718,1058,2,2,17,No,Apartment,2,-0.9365561778781734,-1.7407073314894987
953,OMR,12.917854,80.230646,16249024,2016,2,3,5,Yes,Independent House,2,-0.30159929260459145,-0.5021852124433668
954,Chromepet,12.953564,80.137173,17386842,2149,1,1,22,No,Villa,2,-2.169011118060769,-0.2918870249069478
955,T Nagar,13.040234,80.243486,16134008,2084,2,2,7,Yes,Apartment,2,-0.9250769314756581,-0.47162508545599613
956,Porur,13.02908,80.15675,15146408,1453,2,1,3,Yes,Independent House,2,-1.4497302598169908,-1.1857860273680023
957,Pallikaranai,12.945687,80.211601,31140836,2852,3,3,20,Yes,Independent House,3,-0.010608138968083158,1.2928475987940182
958,T Nagar,13.0321,80.23678,14527700,1425,1,1,3,No,Villa,2,-1.9503217060578115,-1.2688594876538877
959,Adyar,13.009699,80.25488,30084098,2429,4,4,7,Yes,Independent House,3,1.2380253682914195,0.8053114642822534
960,Anna Nagar,13.090825,80.218544,29174440,1785,2,3,24,No,Apartment,0,-0.4781436376951479,0.18906352513339256
961,Sholinganallur,12.904558,80.237347,13537308,938,2,2,19,No,Independent House,2,-0.953507946007596,-1.611577819368142
962,Mylapore,13.02495,80.260053,19891932,1268,2,2,20,No,Independent House,2,-0.9948629376034511,-0.916321249005118
963,Anna Salai,13.064493,80.239866,37678500,2116,5,4,16,Yes,Independent House,3,1.6681125934166867,1.0513213822699892
964,Adyar,12.998288,80.250251,33634510,1815,5,4,7,No,Apartment,3,1.7739590905525058,0.4663286759000668
965,Chromepet,12.946361,80.150706,10424191,1171,3,3,12,Yes,Independent House,1,0.20438081736713173,-1.5700638190304617
966,Chromepet,12.954561,80.141969,24803133,1689,3,3,10,Yes,Independent House,1,0.16289802808955656,-0.23931265098887933
967,Adyar,13.014833,80.2608,16399405,1953,2,2,7,Yes,Independent House,2,-0.9172570296043658,-0.5777021398859394
968,Tambaram,12.915021,80.107397,47498830,2685,2,3,10,Yes,Villa,0,-0.44522542277248145,2.029183210742221
969,Anna Nagar,13.078474,80.211077,27767444,3148,2,1,4,Yes,Apartment,0,-1.5890755979430278,1.1563475600117044
970,Guindy,13.006629,80.224933,39505456,2628,2,2,2,No,Independent House,0,-0.9581868614272165,1.4018166861210823
971,Tambaram,12.923865,80.102712,51841764,3031,4,4,7,No,Villa,3,1.1600922179348907,2.670556299248085
972,OMR,12.908828,80.230106,31747664,2022,4,3,12,No,Apartment,3,0.6149528779703775,0.5209213453857856
973,Mylapore,13.038777,80.278131,23108212,2524,4,4,0,No,Villa,3,1.3064872325651844,0.42710459733158335
974,Sholinganallur,12.900273,80.226972,39737662,2814,5,4,23,Yes,Villa,3,1.5583637073284855,1.8731731326676726
975,T Nagar,13.035714,80.242023,14896672,844,5,4,10,Yes,Independent House,1,1.8433085965262874,-1.540727898640198
976,Adyar,13.004381,80.253656,34095506,2562,1,1,12,No,Villa,0,-2.137542110545551,1.02548794995394
977,Sholinganallur,12.894885,80.226626,7348940,709,1,2,3,No,Independent House,2,-1.2900698136675426,-2.3263858290962514
978,OMR,12.913018,80.23853,26526750,3150,3,4,22,No,Independent House,3,0.56303333447185,1.347194711198134
979,Mylapore,13.037549,80.272607,19699772,2506,2,2,1,No,Independent House,0,-0.9054328326608695,0.09369571271553223
980,OMR,12.919036,80.23683,21495675,1153,5,4,8,Yes,Independent House,1,1.829295772823382,-0.871108519197039
981,Adyar,13.016183,80.249107,53446967,3189,1,1,22,No,Villa,0,-2.3008538509458285,2.838847900765045
982,Anna Salai,13.060413,80.250264,15687779,1229,2,3,13,No,Independent House,2,-0.3212334734726561,-1.2134224632923254
983,Anna Salai,13.061852,80.255551,40940405,2235,4,4,24,Yes,Apartment,3,1.080555552861947,1.3931232724768703
984,Pallikaranai,12.927128,80.207068,17962176,1408,2,2,23,No,Independent House,2,-1.026668833237651,-0.8809273760076212
985,Chromepet,12.95469,80.150861,12061044,836,1,1,24,No,Independent House,2,-2.0936749810372315,-1.8201152182116311
986,Velachery,12.97274,80.23017,20655610,1313,2,2,22,Yes,Apartment,2,-1.0167499688843935,-0.8148005597532338
987,Chromepet,12.957784,80.140038,15590830,1310,5,4,6,Yes,Independent House,1,1.847773562117408,-1.0927985595933563
988,Anna Salai,13.051996,80.241314,32300357,3117,4,4,19,Yes,Independent House,3,1.0845274705300956,1.661829169249787
989,Anna Nagar,13.088456,80.202116,30665499,1951,3,2,0,Yes,Villa,0,-0.3779739252716058,0.24738498668179035
990,Adyar,13.007147,80.247645,32194230,2935,3,2,25,Yes,Apartment,0,-0.6636298327203208,1.4281719848524563
991,Sholinganallur,12.897731,80.231537,38151440,2540,5,4,15,No,Independent House,3,1.6491870603937542,1.4676093078753736
992,Porur,13.029345,80.153621,36007203,2029,3,3,21,No,Villa,3,0.023853662044209235,0.8251579855906869
993,Porur,13.028714,80.148958,22954775,2421,1,1,22,No,Independent House,0,-2.1964320247148525,0.2952746275111933
994,Medavakkam,12.926105,80.182663,29848312,2059,3,3,14,No,Independent House,3,0.094943035024965,0.435410372781497
995,Perungudi,12.965559,80.236371,40287285,3145,3,2,11,Yes,Independent House,0,-0.5682671463007466,2.0122469914754286
996,Chromepet,12.956286,80.142077,19082520,1976,4,3,13,No,Independent House,1,0.6321990686484099,-0.27443791070150125
997,Tambaram,12.934644,80.099336,18157270,1073,2,1,15,Yes,Villa,2,-1.5369726654887106,-1.2761739610558478
998,Anna Salai,13.053809,80.258484,28418708,2524,4,3,21,Yes,Apartment,3,0.5098397378400603,0.8509902991714877
999,Mylapore,13.041653,80.275026,29285519,2331,1,1,22,Yes,Apartment,0,-2.2022975172610253,0.5910716508212571
1000,Tambaram,12.929408,80.091809,19818520,1054,3,4,21,Yes,Independent House,1,0.7169935040308985,-1.0138145550181268
